motif_id	motif_alt_id	sequence_name	start	stop	strand	score	p-value	q-value	matched_sequence
MX000004	Fnr	NC_003197.2	3291866	3291879	+	19.602	7.66e-09	0.0379	TTGATTTACATCAA
MX000004	Fnr	NC_003197.2	3623451	3623464	+	19.602	7.66e-09	0.0379	TTGATTTACATCAA
MX000004	Fnr	NC_003197.2	1863995	1864008	-	19.5408	1.7e-08	0.056	TTGATTTATATCAA
MX000004	Fnr	NC_003197.2	2322373	2322386	+	19.0204	3.23e-08	0.0799	TTGATATACATCAA
MX000004	Fnr	NC_003197.2	2975339	2975352	-	18.8673	4.93e-08	0.0976	TTGATTTTCATCAA
MX000004	Fnr	NC_003197.2	2786403	2786416	+	18.7347	7.56e-08	0.107	TTGATTTAAATCAA
MX000004	Fnr	NC_003197.2	2786403	2786416	-	18.7347	7.56e-08	0.107	TTGATTTAAATCAA
MX000004	Fnr	NC_003197.2	2322373	2322386	-	18.2449	1.45e-07	0.162	TTGATGTATATCAA
MX000004	Fnr	NC_003197.2	2665345	2665358	+	18.2245	1.55e-07	0.162	TTGATATTTATCAA
MX000004	Fnr	NC_003197.2	1863995	1864008	+	18.1531	1.64e-07	0.162	TTGATATAAATCAA
MX000004	Fnr	NC_003197.2	809183	809196	+	18	1.87e-07	0.169	TTGATTTTAATCAA
MX000004	Fnr	NC_003197.2	4773568	4773581	-	17.8061	2.3e-07	0.19	TTGATTAACATCAA
MX000004	Fnr	NC_003197.2	4432521	4432534	-	17.7041	2.6e-07	0.198	TTGATTTCAATCAA
MX000004	Fnr	NC_003197.2	1473735	1473748	+	17.5816	2.99e-07	0.198	TTGATTTGCATCAA
MX000004	Fnr	NC_003197.2	1205906	1205919	+	17.551	3.21e-07	0.198	TTGATTTATAACAA
MX000004	Fnr	NC_003197.2	511202	511215	+	17.5102	3.52e-07	0.198	TTGATGTTTATCAA
MX000004	Fnr	NC_003197.2	3291866	3291879	-	17.4388	3.59e-07	0.198	TTGATGTAAATCAA
MX000004	Fnr	NC_003197.2	3623451	3623464	-	17.4388	3.59e-07	0.198	TTGATGTAAATCAA
MX000004	Fnr	NC_003197.2	1842884	1842897	+	17.3061	4.07e-07	0.212	TTGATTTAGATCAC
MX000004	Fnr	NC_003197.2	511202	511215	-	17.2245	4.43e-07	0.219	TTGATAAACATCAA
MX000004	Fnr	NC_003197.2	2665345	2665358	-	17.1633	4.66e-07	0.22	TTGATAAATATCAA
MX000004	Fnr	NC_003197.2	809183	809196	-	16.9388	5.92e-07	0.266	TTGATTAAAATCAA
MX000004	Fnr	NC_003197.2	1419223	1419236	-	16.7755	6.91e-07	0.279	TTGATTTTTATCAC
MX000004	Fnr	NC_003197.2	1438354	1438367	-	16.7755	6.91e-07	0.279	TTGATTTTTATCAC
MX000004	Fnr	NC_003197.2	2247731	2247744	+	16.7449	7.08e-07	0.279	TTGATTTAAAACAA
MX000004	Fnr	NC_003197.2	2695220	2695233	+	16.7143	7.69e-07	0.279	TTGATATACATCAT
MX000004	Fnr	NC_003197.2	4222386	4222399	+	16.7143	7.69e-07	0.279	TTGATATACATCAT
MX000004	Fnr	NC_003197.2	4773568	4773581	+	16.7041	7.9e-07	0.279	TTGATGTTAATCAA
MX000004	Fnr	NC_003197.2	870377	870390	-	16.6531	8.4e-07	0.287	TTGATATATATCAT
MX000004	Fnr	NC_003197.2	3857989	3858002	-	16.5816	8.92e-07	0.294	TTGATTTCCAACAA
MX000004	Fnr	NC_003197.2	1676220	1676233	+	16.4898	9.59e-07	0.306	TTGATAATCATCAA
MX000004	Fnr	NC_003197.2	1058359	1058372	+	16.449	1.01e-06	0.312	TTGATATAGATCAT
MX000004	Fnr	NC_003197.2	3292004	3292017	-	16.4286	1.04e-06	0.313	TTGATTTAAATCAT
MX000004	Fnr	NC_003197.2	1294294	1294307	+	16.3776	1.08e-06	0.315	TTGATGCACATCAA
MX000004	Fnr	NC_003197.2	3356096	3356109	-	16.2959	1.19e-06	0.329	TTGATATTCAACAA
MX000004	Fnr	NC_003197.2	1294294	1294307	-	16.2857	1.2e-06	0.329	TTGATGTGCATCAA
MX000004	Fnr	NC_003197.2	5573	5586	-	16.2245	1.28e-06	0.343	TTGATTTTGCTCAA
MX000004	Fnr	NC_003197.2	4694945	4694958	+	16.051	1.49e-06	0.387	TTGATGTAGAACAA
MX000004	Fnr	NC_003197.2	496352	496365	+	16	1.59e-06	0.393	TTGATGTACATCAT
MX000004	Fnr	NC_003197.2	540067	540080	-	16	1.59e-06	0.393	TTGCTTTTCATCAA
MX000004	Fnr	NC_003197.2	1862242	1862255	+	15.9286	1.71e-06	0.412	TTGATAACGATCAA
MX000004	Fnr	NC_003197.2	1471304	1471317	+	15.8673	1.81e-06	0.427	TTGATCTAAAACAA
MX000004	Fnr	NC_003197.2	4701803	4701816	+	15.8061	1.89e-06	0.436	TTGAAATATATCAA
MX000004	Fnr	NC_003197.2	519554	519567	+	15.7143	2.09e-06	0.454	TTGATATTGATCAT
MX000004	Fnr	NC_003197.2	1676220	1676233	-	15.7143	2.09e-06	0.454	TTGATGATTATCAA
MX000004	Fnr	NC_003197.2	454650	454663	-	15.7041	2.11e-06	0.454	TTGCTTTCCATCAA
MX000004	Fnr	NC_003197.2	870377	870390	+	15.6531	2.21e-06	0.456	ATGATATATATCAA
MX000004	Fnr	NC_003197.2	2975339	2975352	+	15.6429	2.26e-06	0.456	TTGATGAAAATCAA
MX000004	Fnr	NC_003197.2	3203715	3203728	+	15.6429	2.26e-06	0.456	TTGATGCTCATCAA
MX000004	Fnr	NC_003197.2	3146762	3146775	-	15.6224	2.31e-06	0.457	TTGATTTTACTCAA
MX000004	Fnr	NC_003197.2	1473735	1473748	-	15.5102	2.53e-06	0.492	TTGATGCAAATCAA
MX000004	Fnr	NC_003197.2	2786456	2786469	+	15.4694	2.62e-06	0.493	TTGTTTTACATCAA
MX000004	Fnr	NC_003197.2	2786456	2786469	-	15.449	2.65e-06	0.493	TTGATGTAAAACAA
MX000004	Fnr	NC_003197.2	3011269	3011282	+	15.4286	2.74e-06	0.493	TTGATATTAAACAA
MX000004	Fnr	NC_003197.2	3292004	3292017	+	15.4286	2.74e-06	0.493	ATGATTTAAATCAA
MX000004	Fnr	NC_003197.2	1058359	1058372	-	15.3571	2.95e-06	0.497	ATGATCTATATCAA
MX000004	Fnr	NC_003197.2	1852028	1852041	+	15.3469	2.96e-06	0.497	TTGATGCCCATCAA
MX000004	Fnr	NC_003197.2	3868895	3868908	+	15.2653	3.17e-06	0.497	ATGATTTCCATCAA
MX000004	Fnr	NC_003197.2	2466656	2466669	+	15.2449	3.21e-06	0.497	TTGATTTATAACAT
MX000004	Fnr	NC_003197.2	4432521	4432534	+	15.2449	3.21e-06	0.497	TTGATTGAAATCAA
MX000004	Fnr	NC_003197.2	190086	190099	+	15.2143	3.28e-06	0.497	TTGATTTTTATTAA
MX000004	Fnr	NC_003197.2	3137727	3137740	+	15.2143	3.28e-06	0.497	TTGATTTTTATCAG
MX000004	Fnr	NC_003197.2	1471304	1471317	-	15.2041	3.32e-06	0.497	TTGTTTTAGATCAA
MX000004	Fnr	NC_003197.2	781392	781405	+	15.1939	3.35e-06	0.497	TTGATTTACCTCAC
MX000004	Fnr	NC_003197.2	4020105	4020118	-	15.1939	3.35e-06	0.497	TTGATACCAATCAA
MX000004	Fnr	NC_003197.2	207203	207216	-	15.1837	3.36e-06	0.497	TTGATTTTCAGCAA
MX000004	Fnr	NC_003197.2	4568973	4568986	-	15.1837	3.36e-06	0.497	TTGATTTTCAGCAA
MX000004	Fnr	NC_003197.2	1736772	1736785	-	15.1122	3.63e-06	0.515	TTGATATTAATCAT
MX000004	Fnr	NC_003197.2	4551801	4551814	-	15.1122	3.63e-06	0.515	TTGATTGTGATCAA
MX000004	Fnr	NC_003197.2	1331100	1331113	-	15.0816	3.69e-06	0.515	TTGATTGCCATCAA
MX000004	Fnr	NC_003197.2	2687431	2687444	+	15.0816	3.69e-06	0.515	TTGATTATCAACAA
MX000004	Fnr	NC_003197.2	3244795	3244808	+	15.0714	3.75e-06	0.515	TTGATGTACATCTA
MX000004	Fnr	NC_003277.2	62604	62617	+	15.0408	3.85e-06	0.517	TTGATATTACTCAA
MX000004	Fnr	NC_003197.2	4551801	4551814	+	15.0306	3.86e-06	0.517	TTGATCACAATCAA
MX000004	Fnr	NC_003197.2	4585966	4585979	+	15.0102	3.94e-06	0.517	TTGATTTTGATTAA
MX000004	Fnr	NC_003197.2	496352	496365	-	15	3.98e-06	0.517	ATGATGTACATCAA
MX000004	Fnr	NC_003197.2	2697812	2697825	+	14.9694	4.07e-06	0.517	TTGATAAAGAACAA
MX000004	Fnr	NC_003197.2	2695220	2695233	-	14.9388	4.16e-06	0.517	ATGATGTATATCAA
MX000004	Fnr	NC_003197.2	4222386	4222399	-	14.9388	4.16e-06	0.517	ATGATGTATATCAA
MX000004	Fnr	NC_003197.2	724275	724288	-	14.9286	4.18e-06	0.517	TTGATAAAGATCAC
MX000004	Fnr	NC_003197.2	590046	590059	-	14.9184	4.25e-06	0.519	ATGATATTTATCAA
MX000004	Fnr	NC_003197.2	428050	428063	-	14.898	4.31e-06	0.52	TTGATCAACATCAC
MX000004	Fnr	NC_003277.2	62604	62617	-	14.8776	4.38e-06	0.522	TTGAGTAATATCAA
MX000004	Fnr	NC_003197.2	590046	590059	+	14.8571	4.45e-06	0.523	TTGATAAATATCAT
MX000004	Fnr	NC_003197.2	4345190	4345203	-	14.8469	4.49e-06	0.523	TTGAATTTAATCAA
MX000004	Fnr	NC_003197.2	2909891	2909904	-	14.8061	4.65e-06	0.536	TTGATACGGATCAA
MX000004	Fnr	NC_003197.2	363925	363938	+	14.7857	4.73e-06	0.538	TGGATTTTCATCAA
MX000004	Fnr	NC_003197.2	806496	806509	-	14.7143	5.04e-06	0.555	TTGATTTCGATCAG
MX000004	Fnr	NC_003197.2	2909891	2909904	+	14.7143	5.04e-06	0.555	TTGATCCGTATCAA
MX000004	Fnr	NC_003197.2	3309767	3309780	+	14.7143	5.04e-06	0.555	TTGATGTACATCAG
MX000004	Fnr	NC_003197.2	2720724	2720737	-	14.6939	5.15e-06	0.561	TTGATATTCATTAA
MX000004	Fnr	NC_003197.2	4648215	4648228	+	14.6531	5.36e-06	0.577	TTGAATAACATCAA
MX000004	Fnr	NC_003197.2	3086769	3086782	+	14.6122	5.55e-06	0.578	TTGATATACCTCAC
MX000004	Fnr	NC_003197.2	2247731	2247744	-	14.602	5.58e-06	0.578	TTGTTTTAAATCAA
MX000004	Fnr	NC_003197.2	2469337	2469350	+	14.602	5.58e-06	0.578	TTGATATTCACCAA
MX000004	Fnr	NC_003197.2	4694945	4694958	-	14.5918	5.61e-06	0.578	TTGTTCTACATCAA
MX000004	Fnr	NC_003197.2	4154638	4154651	+	14.5714	5.68e-06	0.58	TTGATTTTCAACAT
MX000004	Fnr	NC_003197.2	3203715	3203728	-	14.4898	6.03e-06	0.609	TTGATGAGCATCAA
MX000004	Fnr	NC_003197.2	1587891	1587904	+	14.4694	6.1e-06	0.609	TTGTTTTTGATCAA
MX000004	Fnr	NC_003197.2	818389	818402	+	14.4592	6.15e-06	0.609	TTGAATTACAACAA
MX000004	Fnr	NC_003197.2	1736772	1736785	+	14.4388	6.28e-06	0.61	ATGATTAATATCAA
MX000004	Fnr	NC_003197.2	1862242	1862255	-	14.4388	6.28e-06	0.61	TTGATCGTTATCAA
MX000004	Fnr	NC_003197.2	514100	514113	+	14.4286	6.37e-06	0.612	TTGATATTGATTAA
MX000004	Fnr	NC_003197.2	1604127	1604140	+	14.4082	6.46e-06	0.615	TTGATCTGGATCAC
MX000004	Fnr	NC_003197.2	3420074	3420087	-	14.398	6.54e-06	0.616	TTGATATCCATTAA
MX000004	Fnr	NC_003197.2	2658707	2658720	+	14.3776	6.6e-06	0.617	TTGATGTCAATCAC
MX000004	Fnr	NC_003197.2	1004298	1004311	+	14.3673	6.7e-06	0.62	TTGATTTAACACAA
MX000004	Fnr	NC_003197.2	3663697	3663710	-	14.3571	6.77e-06	0.621	TTGATATGGCTCAA
MX000004	Fnr	NC_003197.2	2595825	2595838	+	14.3367	6.9e-06	0.621	TTGATATTGACCAA
MX000004	Fnr	NC_003197.2	4258228	4258241	+	14.3367	6.9e-06	0.621	TTGATATTGACCAA
MX000004	Fnr	NC_003197.2	4051449	4051462	+	14.2755	7.19e-06	0.634	TTGATATATCTCAT
MX000004	Fnr	NC_003197.2	4763175	4763188	-	14.2755	7.19e-06	0.634	ATGATTTGCATCAA
MX000004	Fnr	NC_003197.2	1347748	1347761	-	14.2653	7.25e-06	0.634	ATGATGTTCATCAA
MX000004	Fnr	NC_003197.2	2480729	2480742	+	14.2551	7.3e-06	0.634	TTGATGTGCATCAC
MX000004	Fnr	NC_003197.2	400985	400998	-	14.2143	7.48e-06	0.644	TTGATTAACATCAG
MX000004	Fnr	NC_003197.2	1347748	1347761	+	14.2041	7.57e-06	0.646	TTGATGAACATCAT
MX000004	Fnr	NC_003197.2	1054905	1054918	-	14.1837	7.63e-06	0.646	TTGATAATCATCAT
MX000004	Fnr	NC_003197.2	72517	72530	+	14.1633	7.75e-06	0.65	TTGATTTCCCTCAC
MX000004	Fnr	NC_003197.2	3333080	3333093	+	14.1224	8.02e-06	0.668	TTGATAATTATCAT
MX000004	Fnr	NC_003197.2	1587891	1587904	-	14.0714	8.37e-06	0.681	TTGATCAAAAACAA
MX000004	Fnr	NC_003197.2	3146762	3146775	+	14.0714	8.37e-06	0.681	TTGAGTAAAATCAA
MX000004	Fnr	NC_003197.2	2317611	2317624	+	14.051	8.49e-06	0.681	TTGATAATTCTCAA
MX000004	Fnr	NC_003197.2	3020662	3020675	-	14.051	8.49e-06	0.681	TTGATTTAACTCAT
MX000004	Fnr	NC_003197.2	1529992	1530005	+	14.0306	8.59e-06	0.681	TTGATCAAAATCAC
MX000004	Fnr	NC_003197.2	4020105	4020118	+	14.0306	8.59e-06	0.681	TTGATTGGTATCAA
MX000004	Fnr	NC_003197.2	1205906	1205919	-	14.0204	8.66e-06	0.681	TTGTTATAAATCAA
MX000004	Fnr	NC_003197.2	1151702	1151715	+	13.9898	8.88e-06	0.693	TTGATCTTTATCGA
MX000004	Fnr	NC_003197.2	1370677	1370690	-	13.9694	8.99e-06	0.696	TTGCTTTTCATCAC
MX000004	Fnr	NC_003197.2	1958307	1958320	-	13.9388	9.18e-06	0.705	TTGCTTATGATCAA
MX000004	Fnr	NC_003197.2	3731055	3731068	-	13.9286	9.26e-06	0.705	ATGATTTATATCAT
MX000004	Fnr	NC_003197.2	4687616	4687629	-	13.9184	9.37e-06	0.708	TTGATACTTCTCAA
MX000004	Fnr	NC_003197.2	469542	469555	-	13.9082	9.44e-06	0.708	TTGCTTTTTATCAC
MX000004	Fnr	NC_003197.2	3079480	3079493	+	13.8878	9.57e-06	0.711	TTGATCATCATCAT
MX000004	Fnr	NC_003197.2	3663697	3663710	+	13.8673	9.69e-06	0.711	TTGAGCCATATCAA
MX000004	Fnr	NC_003197.2	4632530	4632543	+	13.8673	9.69e-06	0.711	TTGAGCTACAACAA
MX000004	Fnr	NC_003197.2	2334527	2334540	-	13.8571	9.79e-06	0.713	TTGATTGAGAACAA
MX000004	Fnr	NC_003197.2	2439683	2439696	-	13.8469	9.9e-06	0.716	TTGATGTAAATTAA
MX000004	Fnr	NC_003197.2	3807888	3807901	+	13.8265	1.01e-05	0.723	TTGATATTAATCAG
MX000004	Fnr	NC_003197.2	2697812	2697825	-	13.7959	1.03e-05	0.733	TTGTTCTTTATCAA
MX000004	Fnr	NC_003197.2	80648	80661	+	13.7245	1.08e-05	0.766	TTGATATTGAACAT
MX000004	Fnr	NC_003197.2	4805508	4805521	+	13.6837	1.11e-05	0.782	TTGGTTAAGATCAA
MX000004	Fnr	NC_003197.2	3994348	3994361	-	13.6224	1.17e-05	0.809	TTGATGTTGACCAA
MX000004	Fnr	NC_003197.2	4031515	4031528	+	13.6224	1.17e-05	0.809	TTGATATCCCACAA
MX000004	Fnr	NC_003197.2	3011269	3011282	-	13.6122	1.18e-05	0.809	TTGTTTAATATCAA
MX000004	Fnr	NC_003197.2	1079403	1079416	+	13.5918	1.19e-05	0.812	TTGTTATCGATCAA
MX000004	Fnr	NC_003197.2	519554	519567	-	13.5612	1.22e-05	0.823	ATGATCAATATCAA
MX000004	Fnr	NC_003197.2	2317611	2317624	-	13.5612	1.22e-05	0.823	TTGAGAATTATCAA
MX000004	Fnr	NC_003197.2	2338694	2338707	-	13.551	1.23e-05	0.823	TTGAATTAAATCAC
MX000004	Fnr	NC_003197.2	722437	722450	-	13.5306	1.25e-05	0.829	ATGATTTTCATCAC
MX000004	Fnr	NC_003197.2	1572043	1572056	-	13.5102	1.26e-05	0.832	TTGCTATAGCTCAA
MX000004	Fnr	NC_003197.2	2538841	2538854	-	13.4796	1.3e-05	0.838	TTGATGCAAATCAC
MX000004	Fnr	NC_003197.2	4694914	4694927	-	13.4796	1.3e-05	0.838	TTGATGCAAATCAC
MX000004	Fnr	NC_003197.2	3725067	3725080	-	13.4694	1.31e-05	0.838	ATGATTTTTATCAC
MX000004	Fnr	NC_003197.2	3500776	3500789	+	13.4592	1.31e-05	0.838	TTGAATTTGAACAA
MX000004	Fnr	NC_003197.2	4319470	4319483	+	13.4592	1.31e-05	0.838	TTGATCTACATCTC
MX000004	Fnr	NC_003197.2	4805508	4805521	-	13.4388	1.33e-05	0.846	TTGATCTTAACCAA
MX000004	Fnr	NC_003197.2	4657242	4657255	+	13.4286	1.35e-05	0.849	TTGAGTTTGATCAT
MX000004	Fnr	NC_003197.2	2472796	2472809	+	13.3878	1.39e-05	0.858	TTGCTATTCATCAC
MX000004	Fnr	NC_003197.2	3126463	3126476	-	13.3878	1.39e-05	0.858	TTGATGTGAATCAC
MX000004	Fnr	NC_003197.2	4261174	4261187	-	13.3878	1.39e-05	0.858	TTGATTATCAGCAA
MX000004	Fnr	NC_003197.2	2158799	2158812	+	13.3469	1.43e-05	0.88	TTGATGCTGATCAC
MX000004	Fnr	NC_003197.2	2938536	2938549	+	13.3265	1.46e-05	0.886	TTGATGTCGACCAA
MX000004	Fnr	NC_003197.2	4445215	4445228	+	13.3265	1.46e-05	0.886	TTGATTTTCATCTT
MX000004	Fnr	NC_003197.2	2387405	2387418	+	13.2959	1.48e-05	0.888	TTGCTATAAAACAA
MX000004	Fnr	NC_003197.2	1931715	1931728	-	13.2857	1.49e-05	0.888	TTGATTTTCAATAA
MX000004	Fnr	NC_003197.2	3078254	3078267	+	13.2857	1.49e-05	0.888	TTGATTTTCAACAG
MX000004	Fnr	NC_003197.2	1014715	1014728	+	13.2755	1.5e-05	0.891	TTGATTTAGCGCAA
MX000004	Fnr	NC_003197.2	3952854	3952867	-	13.2653	1.51e-05	0.892	TTGATTTTTATCTT
MX000004	Fnr	NC_003197.2	574846	574859	+	13.2245	1.55e-05	0.897	TTGATTTTTAACAG
MX000004	Fnr	NC_003197.2	4267789	4267802	+	13.2245	1.55e-05	0.897	TTGATGACGAACAA
MX000004	Fnr	NC_003197.2	809703	809716	-	13.2041	1.58e-05	0.897	TTGATACCAAACAA
MX000004	Fnr	NC_003197.2	4763175	4763188	+	13.2041	1.58e-05	0.897	TTGATGCAAATCAT
MX000004	Fnr	NC_003197.2	5573	5586	+	13.1939	1.59e-05	0.897	TTGAGCAAAATCAA
MX000004	Fnr	NC_003197.2	1079403	1079416	-	13.1837	1.6e-05	0.897	TTGATCGATAACAA
MX000004	Fnr	NC_003197.2	4075597	4075610	-	13.1735	1.61e-05	0.897	TTGGTATACAACAA
MX000004	Fnr	NC_003197.2	3246352	3246365	+	13.1531	1.62e-05	0.897	TTGATTTAAAACAG
MX000004	Fnr	NC_003197.2	1535748	1535761	+	13.1429	1.65e-05	0.897	TTGATCCATATTAA
MX000004	Fnr	NC_003197.2	2244569	2244582	-	13.1429	1.65e-05	0.897	TGGATTTACCTCAA
MX000004	Fnr	NC_003197.2	3427509	3427522	+	13.1429	1.65e-05	0.897	TTGAATTTGATCAT
MX000004	Fnr	NC_003197.2	3555175	3555188	+	13.1429	1.65e-05	0.897	TTGATCTACAACAG
MX000004	Fnr	NC_003197.2	4134549	4134562	-	13.1429	1.65e-05	0.897	TTGATGTAAAACAT
MX000004	Fnr	NC_003197.2	4827293	4827306	+	13.1429	1.65e-05	0.897	TTGATGTAAAACAT
MX000004	Fnr	NC_003197.2	1373105	1373118	-	13.1224	1.68e-05	0.897	TTGATTACTATCAG
MX000004	Fnr	NC_003197.2	1869805	1869818	+	13.1224	1.68e-05	0.897	TTGATTCAAACCAA
MX000004	Fnr	NC_003197.2	3333080	3333093	-	13.1224	1.68e-05	0.897	ATGATAATTATCAA
MX000004	Fnr	NC_003197.2	14866	14879	+	13.1122	1.69e-05	0.897	TTGATGTTAATCAG
MX000004	Fnr	NC_003197.2	3033356	3033369	-	13.102	1.7e-05	0.897	TTGAAATTCATCAC
MX000004	Fnr	NC_003197.2	1139569	1139582	-	13.0816	1.72e-05	0.897	ATGAATTATATCAA
MX000004	Fnr	NC_003197.2	1309564	1309577	+	13.0714	1.74e-05	0.897	TTGAAAATGATCAA
MX000004	Fnr	NC_003197.2	3994348	3994361	+	13.0714	1.74e-05	0.897	TTGGTCAACATCAA
MX000004	Fnr	NC_003197.2	1912051	1912064	-	13.051	1.77e-05	0.897	TTGCTATTTATCAT
MX000004	Fnr	NC_003197.2	3448218	3448231	-	13.051	1.77e-05	0.897	TTGATTGCCATCAC
MX000004	Fnr	NC_003197.2	4167643	4167656	-	13.051	1.77e-05	0.897	TTGATGCCGATCAC
MX000004	Fnr	NC_003197.2	3556506	3556519	-	13.0408	1.78e-05	0.897	TTGATGCCCATCAT
MX000004	Fnr	NC_003197.2	273060	273073	+	13.0204	1.8e-05	0.897	TTGATTTTGAACAG
MX000004	Fnr	NC_003197.2	814359	814372	+	13.0204	1.8e-05	0.897	TTGATAAAGATCGA
MX000004	Fnr	NC_003197.2	2595825	2595838	-	13.0102	1.81e-05	0.897	TTGGTCAATATCAA
MX000004	Fnr	NC_003197.2	4258228	4258241	-	13.0102	1.81e-05	0.897	TTGGTCAATATCAA
MX000004	Fnr	NC_003197.2	4812125	4812138	-	13.0102	1.81e-05	0.897	ATGATTTCGAACAA
MX000004	Fnr	NC_003197.2	3142259	3142272	-	13	1.82e-05	0.897	TTGAGCTAAAACAA
MX000004	Fnr	NC_003197.2	1458086	1458099	-	12.9898	1.84e-05	0.897	TTGATTCTGACCAA
MX000004	Fnr	NC_003197.2	3354214	3354227	+	12.9898	1.84e-05	0.897	ATGATTTTGATCAT
MX000004	Fnr	NC_003197.2	737501	737514	-	12.9796	1.86e-05	0.897	TTGATGTCCAACAT
MX000004	Fnr	NC_003197.2	1483629	1483642	-	12.9592	1.87e-05	0.897	TTGCTCTAAATCAC
MX000004	Fnr	NC_003197.2	1828629	1828642	+	12.9388	1.9e-05	0.897	TTGATCCAGATTAA
MX000004	Fnr	NC_003197.2	3564462	3564475	+	12.9286	1.91e-05	0.897	TGGATGTCGATCAA
MX000004	Fnr	NC_003197.2	1331100	1331113	+	12.9184	1.92e-05	0.897	TTGATGGCAATCAA
MX000004	Fnr	NC_003197.2	1918716	1918729	+	12.9082	1.93e-05	0.897	TTGAACCTCATCAA
MX000004	Fnr	NC_003197.2	2905174	2905187	-	12.9082	1.93e-05	0.897	TTGATTTTTATTAT
MX000004	Fnr	NC_003197.2	2502152	2502165	-	12.898	1.95e-05	0.897	TTGTTTTAGATCAT
MX000004	Fnr	NC_003197.2	579793	579806	+	12.8878	1.96e-05	0.897	ATGATATTTATCAC
MX000004	Fnr	NC_003197.2	1707786	1707799	-	12.8878	1.96e-05	0.897	ATGATTTCCCTCAA
MX000004	Fnr	NC_003197.2	1993543	1993556	-	12.8673	1.99e-05	0.897	TTGCTATCGAACAA
MX000004	Fnr	NC_003197.2	95884	95897	-	12.8571	2.01e-05	0.897	TGGATATGTATCAA
MX000004	Fnr	NC_003197.2	1869805	1869818	-	12.8571	2.01e-05	0.897	TTGGTTTGAATCAA
MX000004	Fnr	NC_003197.2	1482180	1482193	+	12.8469	2.02e-05	0.897	TTGCTGATTATCAA
MX000004	Fnr	NC_003197.2	3334091	3334104	+	12.8469	2.02e-05	0.897	TTGCTGATTATCAA
MX000004	Fnr	NC_003197.2	3092808	3092821	+	12.8367	2.04e-05	0.897	TTGATAATTATTAA
MX000004	Fnr	NC_003197.2	2832609	2832622	+	12.8265	2.05e-05	0.897	TTGAAATTCATCAT
MX000004	Fnr	NC_003197.2	3142259	3142272	+	12.8265	2.05e-05	0.897	TTGTTTTAGCTCAA
MX000004	Fnr	NC_003197.2	3348403	3348416	-	12.8265	2.05e-05	0.897	TTGAAATTCATCAT
MX000004	Fnr	NC_003197.2	2763077	2763090	+	12.8163	2.07e-05	0.897	TTGATAAACCTCAC
MX000004	Fnr	NC_003197.2	1482180	1482193	-	12.8061	2.08e-05	0.897	TTGATAATCAGCAA
MX000004	Fnr	NC_003197.2	3334091	3334104	-	12.8061	2.08e-05	0.897	TTGATAATCAGCAA
MX000004	Fnr	NC_003197.2	1852028	1852041	-	12.7959	2.09e-05	0.897	TTGATGGGCATCAA
MX000004	Fnr	NC_003197.2	1973879	1973892	+	12.7959	2.09e-05	0.897	TTGTTATATATCAC
MX000004	Fnr	NC_003197.2	3849199	3849212	+	12.7959	2.09e-05	0.897	TTGATTTCTACCAC
MX000004	Fnr	NC_003197.2	1951202	1951215	-	12.7857	2.11e-05	0.897	TTGATCCGCAACAA
MX000004	Fnr	NC_003197.2	2172412	2172425	+	12.7857	2.11e-05	0.897	TTGCTTTAGAGCAA
MX000004	Fnr	NC_003197.2	3278702	3278715	-	12.7857	2.11e-05	0.897	TTGATTATGAACAC
MX000004	Fnr	NC_003197.2	4051449	4051462	-	12.7857	2.11e-05	0.897	ATGAGATATATCAA
MX000004	Fnr	NC_003197.2	207203	207216	+	12.7755	2.13e-05	0.897	TTGCTGAAAATCAA
MX000004	Fnr	NC_003197.2	1584397	1584410	+	12.7755	2.13e-05	0.897	TTGATTATCAACAT
MX000004	Fnr	NC_003197.2	2932060	2932073	-	12.7755	2.13e-05	0.897	TTGATGCCGATCAT
MX000004	Fnr	NC_003197.2	4568973	4568986	+	12.7755	2.13e-05	0.897	TTGCTGAAAATCAA
MX000004	Fnr	NC_003197.2	1756172	1756185	-	12.7653	2.15e-05	0.898	TTGATACTCATCAG
MX000004	Fnr	NC_003197.2	4081175	4081188	+	12.7653	2.15e-05	0.898	TTGATAAAAATTAA
MX000004	Fnr	NC_003197.2	1114262	1114275	-	12.7449	2.18e-05	0.9	ATGATGTAGAACAA
MX000004	Fnr	NC_003197.2	1813803	1813816	+	12.7449	2.18e-05	0.9	TTGAAATCTATCAC
MX000004	Fnr	NC_003197.2	2760820	2760833	+	12.7449	2.18e-05	0.9	ATGATGTAGAACAA
MX000004	Fnr	NC_003197.2	2334527	2334540	+	12.6939	2.26e-05	0.921	TTGTTCTCAATCAA
MX000004	Fnr	NC_003197.2	2540203	2540216	-	12.6939	2.26e-05	0.921	TGGATTTTTATCAC
MX000004	Fnr	NC_003197.2	4808512	4808525	-	12.6939	2.26e-05	0.921	TTGATGTGCATCAG
MX000004	Fnr	NC_003197.2	720276	720289	-	12.6633	2.3e-05	0.93	ATGATTTTAATCAC
MX000004	Fnr	NC_003197.2	3782522	3782535	-	12.6633	2.3e-05	0.93	ATGATTTTAATCAC
MX000004	Fnr	NC_003197.2	4500542	4500555	+	12.6531	2.31e-05	0.932	TTGATGAAGATCAG
MX000004	Fnr	NC_003197.2	2616037	2616050	-	12.6327	2.36e-05	0.943	TTGATTTTGATCGC
MX000004	Fnr	NC_003197.2	1471533	1471546	+	12.6224	2.37e-05	0.943	TGGATCTGCATCAA
MX000004	Fnr	NC_003197.2	1491881	1491894	-	12.6224	2.37e-05	0.943	TTGATTTTCATCGT
MX000004	Fnr	NC_003197.2	2320781	2320794	+	12.6122	2.39e-05	0.943	TTGCTGTTTATCAC
MX000004	Fnr	NC_003197.2	4181441	4181454	+	12.6122	2.39e-05	0.943	ATGATATTTATCAT
MX000004	Fnr	NC_003197.2	406102	406115	+	12.602	2.41e-05	0.946	TTGATATTTATTAC
MX000004	Fnr	NC_003197.2	2469337	2469350	-	12.5918	2.42e-05	0.947	TTGGTGAATATCAA
MX000004	Fnr	NC_003197.2	881118	881131	-	12.5816	2.43e-05	0.948	TTGATTTCCACCAT
MX000004	Fnr	NC_003197.2	4594949	4594962	+	12.5714	2.45e-05	0.949	TTGCGGTACATCAA
MX000004	Fnr	NC_003197.2	2502152	2502165	+	12.5612	2.47e-05	0.949	ATGATCTAAAACAA
MX000004	Fnr	NC_003197.2	3020662	3020675	+	12.5612	2.47e-05	0.949	ATGAGTTAAATCAA
MX000004	Fnr	NC_003197.2	4665678	4665691	+	12.5612	2.47e-05	0.949	TTGATTTTTATCGT
MX000004	Fnr	NC_003197.2	1054371	1054384	+	12.5408	2.51e-05	0.951	TTGATATGAATCAG
MX000004	Fnr	NC_003197.2	1350239	1350252	+	12.5408	2.51e-05	0.951	TTGATCATTATCAG
MX000004	Fnr	NC_003197.2	3731055	3731068	+	12.5408	2.51e-05	0.951	ATGATATAAATCAT
MX000004	Fnr	NC_003197.2	4220135	4220148	+	12.5306	2.52e-05	0.951	TTGATATAAATTAC
MX000004	Fnr	NC_003197.2	570779	570792	+	12.5102	2.56e-05	0.951	TTGATTATGAACAT
MX000004	Fnr	NC_003197.2	1497050	1497063	-	12.5102	2.56e-05	0.951	TTGCTGCTGATCAA
MX000004	Fnr	NC_003197.2	2247913	2247926	+	12.5102	2.56e-05	0.951	ATGATTAACAACAA
MX000004	Fnr	NC_003197.2	4733569	4733582	-	12.5102	2.56e-05	0.951	TTGATTTCCCGCAA
MX000004	Fnr	NC_003197.2	3295596	3295609	-	12.5	2.58e-05	0.951	TTGATGAGCAACAA
MX000004	Fnr	NC_003197.2	317060	317073	+	12.4898	2.59e-05	0.951	TGGATTTTGATCAC
MX000004	Fnr	NC_003197.2	1633154	1633167	-	12.4694	2.63e-05	0.951	TTGATAGCCATCAC
MX000004	Fnr	NC_003197.2	2686441	2686454	-	12.4694	2.63e-05	0.951	TTGATAGCCATCAC
MX000004	Fnr	NC_003197.2	2192333	2192346	+	12.4592	2.64e-05	0.951	TTGCTCTCTATCAT
MX000004	Fnr	NC_003197.2	2466128	2466141	-	12.4592	2.64e-05	0.951	TTGATATCGATCTC
MX000004	Fnr	NC_003197.2	3011265	3011278	+	12.4592	2.64e-05	0.951	TTGATTGATATTAA
MX000004	Fnr	NC_003197.2	3883430	3883443	-	12.4592	2.64e-05	0.951	TTGGTTTCGAACAA
MX000004	Fnr	NC_003197.2	3844856	3844869	-	12.449	2.66e-05	0.951	TTGAATTATATCGA
MX000004	Fnr	NC_003197.2	2937709	2937722	+	12.4388	2.68e-05	0.951	TTGTTTTTGATCAC
MX000004	Fnr	NC_003197.2	4254795	4254808	-	12.4286	2.7e-05	0.951	TGGATGAACATCAA
MX000004	Fnr	NC_003197.2	4122209	4122222	-	12.4184	2.72e-05	0.951	TTGATTTTAAACAG
MX000004	Fnr	NC_003197.2	4629928	4629941	+	12.4184	2.72e-05	0.951	TTGATGTAGATTAC
MX000004	Fnr	NC_003197.2	1054905	1054918	+	12.4082	2.75e-05	0.951	ATGATGATTATCAA
MX000004	Fnr	NC_003197.2	1765635	1765648	+	12.4082	2.75e-05	0.951	TTGATGTACATTAT
MX000004	Fnr	NC_003197.2	2366849	2366862	-	12.4082	2.75e-05	0.951	ATGAATTTCATCAA
MX000004	Fnr	NC_003197.2	3434525	3434538	-	12.4082	2.75e-05	0.951	TTGCTTTTCATCAG
MX000004	Fnr	NC_003197.2	3717763	3717776	+	12.398	2.76e-05	0.951	TTGATATTGATTAC
MX000004	Fnr	NC_003197.2	520743	520756	-	12.3878	2.77e-05	0.951	ATGATATCGATCAC
MX000004	Fnr	NC_003197.2	2238613	2238626	-	12.3878	2.77e-05	0.951	ATGATATCGATCAC
MX000004	Fnr	NC_003197.2	3226565	3226578	+	12.3878	2.77e-05	0.951	TTGAAGTTCATCAC
MX000004	Fnr	NC_003197.2	3855508	3855521	+	12.3878	2.77e-05	0.951	ATGATTTTAATCAT
MX000004	Fnr	NC_003197.2	3353029	3353042	-	12.3776	2.79e-05	0.951	ATGATCTTCATCAT
MX000004	Fnr	NC_003197.2	4775706	4775719	+	12.3776	2.79e-05	0.951	ATGGTTTATATCAA
MX000004	Fnr	NC_003197.2	1020663	1020676	-	12.3673	2.81e-05	0.951	TGGATGAATATCAA
MX000004	Fnr	NC_003197.2	1331265	1331278	+	12.3469	2.85e-05	0.951	TTGCTTTTTATCAG
MX000004	Fnr	NC_003197.2	644723	644736	+	12.3367	2.88e-05	0.951	TTGATACTCAACAC
MX000004	Fnr	NC_003197.2	2824462	2824475	-	12.3367	2.88e-05	0.951	ATGATGCTCATCAA
MX000004	Fnr	NC_003197.2	3004436	3004449	-	12.3367	2.88e-05	0.951	ATGATGCTCATCAA
MX000004	Fnr	NC_003197.2	363059	363072	+	12.3163	2.92e-05	0.951	TTGATATTCCTCAG
MX000004	Fnr	NC_003197.2	2394987	2395000	+	12.3163	2.92e-05	0.951	TTGTATTACATCAA
MX000004	Fnr	NC_003197.2	3165318	3165331	-	12.3163	2.92e-05	0.951	TTGATTTGCATCTC
MX000004	Fnr	NC_003197.2	3356096	3356109	+	12.3163	2.92e-05	0.951	TTGTTGAATATCAA
MX000004	Fnr	NC_003197.2	1974180	1974193	-	12.3061	2.93e-05	0.951	TTGATATTGACCAC
MX000004	Fnr	NC_003197.2	4083987	4084000	-	12.3061	2.93e-05	0.951	TTGATCTTTATTAC
MX000004	Fnr	NC_003197.2	3854756	3854769	-	12.2959	2.95e-05	0.951	TTGATATTCACCAT
MX000004	Fnr	NC_003197.2	1114262	1114275	+	12.2857	2.97e-05	0.951	TTGTTCTACATCAT
MX000004	Fnr	NC_003197.2	1354586	1354599	-	12.2857	2.97e-05	0.951	TTGATTTTAACCAC
MX000004	Fnr	NC_003197.2	2760820	2760833	-	12.2857	2.97e-05	0.951	TTGTTCTACATCAT
MX000004	Fnr	NC_003197.2	927810	927823	+	12.2755	2.99e-05	0.951	TTGATGTATCTCAG
MX000004	Fnr	NC_003197.2	1551752	1551765	+	12.2755	2.99e-05	0.951	ATGATTCATATCAC
MX000004	Fnr	NC_003197.2	2934282	2934295	+	12.2755	2.99e-05	0.951	TTGATATCCAGCAC
MX000004	Fnr	NC_003197.2	3517268	3517281	-	12.2755	2.99e-05	0.951	TTGATCTTCAGCAC
MX000004	Fnr	NC_003197.2	4289885	4289898	-	12.2755	2.99e-05	0.951	TTGAATAACCTCAA
MX000004	Fnr	NC_003197.2	4687616	4687629	+	12.2755	2.99e-05	0.951	TTGAGAAGTATCAA
MX000004	Fnr	NC_003197.2	2334822	2334835	+	12.2653	3.02e-05	0.951	ATGATTTTTATCTA
MX000004	Fnr	NC_003197.2	1587897	1587910	+	12.2551	3.03e-05	0.951	TTGATCAAGCTCAC
MX000004	Fnr	NC_003197.2	2876183	2876196	-	12.2551	3.03e-05	0.951	TTGATTAAACTCAT
MX000004	Fnr	NC_003197.2	4651567	4651580	+	12.2551	3.03e-05	0.951	TTGAGTTTTAGCAA
MX000004	Fnr	NC_003197.2	4756148	4756161	+	12.2551	3.03e-05	0.951	TTGATTAAACTCAT
MX000004	Fnr	NC_003197.2	1354083	1354096	+	12.2449	3.06e-05	0.952	ATGATTAAGAACAA
MX000004	Fnr	NC_003197.2	4594949	4594962	-	12.2449	3.06e-05	0.952	TTGATGTACCGCAA
MX000004	Fnr	NC_003197.2	2853494	2853507	-	12.2041	3.13e-05	0.965	ATGAACTATATCAA
MX000004	Fnr	NC_003197.2	3079480	3079493	-	12.2041	3.13e-05	0.965	ATGATGATGATCAA
MX000004	Fnr	NC_003197.2	417445	417458	+	12.1939	3.15e-05	0.965	TTGATGAGGATCAC
MX000004	Fnr	NC_003197.2	2447846	2447859	-	12.1939	3.15e-05	0.965	ATGATTAACATCAT
MX000004	Fnr	NC_003197.2	2824462	2824475	+	12.1837	3.17e-05	0.965	TTGATGAGCATCAT
MX000004	Fnr	NC_003197.2	3004436	3004449	+	12.1837	3.17e-05	0.965	TTGATGAGCATCAT
MX000004	Fnr	NC_003197.2	3517517	3517530	-	12.1735	3.19e-05	0.965	TTGATCCCCATCAG
MX000004	Fnr	NC_003197.2	1358936	1358949	+	12.1633	3.21e-05	0.965	TTGATTAATAATAA
MX000004	Fnr	NC_003197.2	4134549	4134562	+	12.1633	3.21e-05	0.965	ATGTTTTACATCAA
MX000004	Fnr	NC_003197.2	4775706	4775719	-	12.1633	3.21e-05	0.965	TTGATATAAACCAT
MX000004	Fnr	NC_003197.2	4827293	4827306	-	12.1633	3.21e-05	0.965	ATGTTTTACATCAA
MX000004	Fnr	NC_003197.2	4821302	4821315	+	12.1429	3.25e-05	0.975	TTGATTCAGATCTC
MX000004	Fnr	NC_003197.2	1217319	1217332	+	12.1327	3.27e-05	0.975	TTGAGACATATCAC
MX000004	Fnr	NC_003197.2	3691506	3691519	-	12.1327	3.27e-05	0.975	TTGAAGCCTATCAA
MX000004	Fnr	NC_003197.2	1014715	1014728	-	12.1224	3.29e-05	0.979	TTGCGCTAAATCAA
MX000004	Fnr	NC_003197.2	27385	27398	-	12.1122	3.32e-05	0.979	TTGATTGATATCGA
MX000004	Fnr	NC_003197.2	1572043	1572056	+	12.1122	3.32e-05	0.979	TTGAGCTATAGCAA
MX000004	Fnr	NC_003197.2	2910481	2910494	-	12.1122	3.32e-05	0.979	ATGATTCAGAACAA
MX000004	Fnr	NC_003197.2	1071512	1071525	+	12.0714	3.4e-05	0.999	TTGCGTAACATCAA
MX000004	Fnr	NC_003197.2	4645832	4645845	-	12.0612	3.43e-05	1	TTGATAAAAAACAT
MX000004	Fnr	NC_003197.2	2176087	2176100	-	12.051	3.46e-05	1	TTGAGTTTGACCAA
MX000004	Fnr	NC_003197.2	2515347	2515360	-	12.0408	3.48e-05	1	TTGATTTTCATCTG
MX000004	Fnr	NC_003197.2	2654253	2654266	+	12.0408	3.48e-05	1	TTGATTTTCATCTG
MX000004	Fnr	NC_003197.2	4261174	4261187	+	12.0408	3.48e-05	1	TTGCTGATAATCAA
MX000004	Fnr	NC_003197.2	4313656	4313669	+	12.0408	3.48e-05	1	ATGATCTTGCTCAA
MX000004	Fnr	NC_003197.2	1952357	1952370	+	12.0306	3.51e-05	1	TTGATCTTTATTAT
MX000004	Fnr	NC_003197.2	2244900	2244913	+	12.0306	3.51e-05	1	TTGATAATAATCAG
MX000004	Fnr	NC_003197.2	3002050	3002063	-	12.0204	3.53e-05	1	TTGCAGTAGATCAA
MX000004	Fnr	NC_003197.2	4761379	4761392	-	12.0204	3.53e-05	1	TTGCTTTCCAGCAA
MX000004	Fnr	NC_003197.2	57711	57724	+	12.0102	3.54e-05	1	TTGATTTTAACCAT
MX000004	Fnr	NC_003197.2	2480690	2480703	+	12.0102	3.54e-05	1	TTGATATCGACCAC
MX000004	Fnr	NC_003197.2	4583872	4583885	-	12	3.57e-05	1	TTGGGCTACATCAA
MX000004	Fnr	NC_003197.2	1580061	1580074	-	11.9796	3.62e-05	1	TGGATCAAAATCAA
MX000004	Fnr	NC_003197.2	4583872	4583885	+	11.9796	3.62e-05	1	TTGATGTAGCCCAA
MX000004	Fnr	NC_003197.2	639266	639279	+	11.9694	3.64e-05	1	TTGATTCGCAGCAA
MX000004	Fnr	NC_003197.2	1164148	1164161	-	11.9694	3.64e-05	1	TTGAGCAATATCAC
MX000004	Fnr	NC_003197.2	540067	540080	+	11.9592	3.66e-05	1	TTGATGAAAAGCAA
MX000004	Fnr	NC_003197.2	743028	743041	-	11.9592	3.66e-05	1	TTGATAAACATCTC
MX000004	Fnr	NC_003197.2	3098209	3098222	+	11.9592	3.66e-05	1	ATGATGTTCATCAT
MX000004	Fnr	NC_003197.2	423719	423732	-	11.949	3.68e-05	1	TTGATTTTCAGCTA
MX000004	Fnr	NC_003197.2	430978	430991	-	11.949	3.68e-05	1	TTGATAAAACTCAC
MX000004	Fnr	NC_003197.2	1864475	1864488	-	11.9388	3.7e-05	1	TTGATCTTTAGCAT
MX000004	Fnr	NC_003197.2	4828691	4828704	+	11.9388	3.7e-05	1	TTGATCTTTACCAT
MX000004	Fnr	NC_003197.2	68410	68423	-	11.9286	3.73e-05	1	TTGTTACCCATCAA
MX000004	Fnr	NC_003197.2	3317442	3317455	+	11.9082	3.78e-05	1	TTGATTTAAATTTA
MX000004	Fnr	NC_003197.2	1676397	1676410	+	11.898	3.81e-05	1	TTGAAATTCATCTA
MX000004	Fnr	NC_003197.2	1953728	1953741	+	11.898	3.81e-05	1	TTGAATTAAACCAA
MX000004	Fnr	NC_003197.2	3376514	3376527	-	11.898	3.81e-05	1	TTGATCTGAATCGA
MX000004	Fnr	NC_003197.2	3812312	3812325	+	11.898	3.81e-05	1	TTGATCTACATTTA
MX000004	Fnr	NC_003197.2	4850853	4850866	-	11.898	3.81e-05	1	ATGATGTTTATCAT
MX000004	Fnr	NC_003197.2	2792677	2792690	-	11.8878	3.83e-05	1	TTGATGTTTATTAC
MX000004	Fnr	NC_003197.2	3622247	3622260	+	11.8878	3.83e-05	1	TTGATCTCGATCTT
MX000004	Fnr	NC_003197.2	3864088	3864101	-	11.8878	3.83e-05	1	TTGATGACCATCAG
MX000004	Fnr	NC_003197.2	4275893	4275906	+	11.8878	3.83e-05	1	TTGATGTTTATTAC
MX000004	Fnr	NC_003197.2	358678	358691	+	11.8776	3.85e-05	1	ATGATTTTCAGCAA
MX000004	Fnr	NC_003197.2	649609	649622	-	11.8776	3.85e-05	1	TTGTTTTACATTAA
MX000004	Fnr	NC_003197.2	721565	721578	-	11.8776	3.85e-05	1	TTGGTCTTGAACAA
MX000004	Fnr	NC_003197.2	827353	827366	+	11.8673	3.87e-05	1	TTGTTCTTCAACAA
MX000004	Fnr	NC_003197.2	2265719	2265732	+	11.8571	3.9e-05	1	TTGTTATTGATCAC
MX000004	Fnr	NC_003197.2	3097639	3097652	+	11.8571	3.9e-05	1	TTGAATTTGATCAG
MX000004	Fnr	NC_003197.2	1268097	1268110	+	11.8469	3.92e-05	1	TTGAAACATATCAC
MX000004	Fnr	NC_003197.2	3342425	3342438	+	11.8367	3.95e-05	1	TGGATATTTATCAT
MX000004	Fnr	NC_003197.2	4481083	4481096	-	11.8367	3.95e-05	1	TTGCTGTCGATCAT
MX000004	Fnr	NC_003197.2	928793	928806	+	11.8265	3.99e-05	1	ATGATAAATATCAC
MX000004	Fnr	NC_003197.2	2876183	2876196	+	11.8265	3.99e-05	1	ATGAGTTTAATCAA
MX000004	Fnr	NC_003197.2	4756148	4756161	-	11.8265	3.99e-05	1	ATGAGTTTAATCAA
MX000004	Fnr	NC_003197.2	24185	24198	-	11.8163	4.01e-05	1	TTGTTTTATATTAA
MX000004	Fnr	NC_003197.2	1923827	1923840	-	11.8163	4.01e-05	1	ATGCTCTTCATCAA
MX000004	Fnr	NC_003197.2	1999846	1999859	-	11.8163	4.01e-05	1	ATGATTTTTAGCAA
MX000004	Fnr	NC_003197.2	3038582	3038595	+	11.8163	4.01e-05	1	ATGAGATCCATCAA
MX000004	Fnr	NC_003197.2	511324	511337	-	11.7959	4.06e-05	1	TTGATGTTTACCAC
MX000004	Fnr	NC_003197.2	1411085	1411098	-	11.7959	4.06e-05	1	TTGCTATATAACAT
MX000004	Fnr	NC_003197.2	2585479	2585492	-	11.7959	4.06e-05	1	TTGATGTTTAGCAC
MX000004	Fnr	NC_003197.2	3865696	3865709	+	11.7857	4.09e-05	1	TTGATTATTAACTA
MX000004	Fnr	NC_003197.2	4536253	4536266	-	11.7857	4.09e-05	1	TTGATGGTGATCAC
MX000004	Fnr	NC_003197.2	1766656	1766669	+	11.7755	4.11e-05	1	ATGATGCCGATCAA
MX000004	Fnr	NC_003197.2	1898070	1898083	+	11.7755	4.11e-05	1	ATGATTATCAACAA
MX000004	Fnr	NC_003197.2	2246771	2246784	+	11.7755	4.11e-05	1	TTGATTTTGATCTG
MX000004	Fnr	NC_003197.2	1365904	1365917	-	11.7653	4.15e-05	1	TTGATCAAAAACAT
MX000004	Fnr	NC_003197.2	1217424	1217437	+	11.7551	4.18e-05	1	ATGATACACATCAC
MX000004	Fnr	NC_003197.2	3345882	3345895	-	11.7449	4.2e-05	1	TTGCTGACAATCAA
MX000004	Fnr	NC_003197.2	1004298	1004311	-	11.7347	4.22e-05	1	TTGTGTTAAATCAA
MX000004	Fnr	NC_003197.2	3527845	3527858	+	11.7347	4.22e-05	1	TTGATAACAATTAA
MX000004	Fnr	NC_003197.2	4179093	4179106	-	11.7347	4.22e-05	1	TTGATTTCAATCGC
MX000004	Fnr	NC_003197.2	503956	503969	+	11.7245	4.25e-05	1	TTGATGTAGCTCGA
MX000004	Fnr	NC_003197.2	2387405	2387418	-	11.7245	4.25e-05	1	TTGTTTTATAGCAA
MX000004	Fnr	NC_003197.2	1561804	1561817	+	11.7143	4.27e-05	1	ATGATTATTAACAA
MX000004	Fnr	NC_003197.2	1204753	1204766	+	11.7041	4.29e-05	1	TTGATGAAAATCGA
MX000004	Fnr	NC_003197.2	4359859	4359872	+	11.7041	4.29e-05	1	TTGCTTTCTATCGA
MX000004	Fnr	NC_003197.2	4799739	4799752	+	11.7041	4.29e-05	1	TTGATCTCCACCAT
MX000004	Fnr	NC_003197.2	3345882	3345895	+	11.6939	4.33e-05	1	TTGATTGTCAGCAA
MX000004	Fnr	NC_003197.2	418764	418777	-	11.6735	4.38e-05	1	ATGATGTCGATCAC
MX000004	Fnr	NC_003197.2	3622274	3622287	-	11.6735	4.38e-05	1	ATGATTTCCATCAG
MX000004	Fnr	NC_003197.2	617849	617862	+	11.6633	4.4e-05	1	TTGTTACCGATCAA
MX000004	Fnr	NC_003197.2	175200	175213	-	11.6531	4.42e-05	1	TTGATTGAAATCAG
MX000004	Fnr	NC_003197.2	1060610	1060623	+	11.6531	4.42e-05	1	TTGATTTGCAACGA
MX000004	Fnr	NC_003197.2	1272911	1272924	-	11.6531	4.42e-05	1	TTGATCAAACTCAC
MX000004	Fnr	NC_003197.2	3413589	3413602	-	11.6531	4.42e-05	1	TTGATTGAAATCAG
MX000004	Fnr	NC_003197.2	3952694	3952707	+	11.6531	4.42e-05	1	TTGCTGAACAACAA
MX000004	Fnr	NC_003197.2	1958307	1958320	+	11.6429	4.45e-05	1	TTGATCATAAGCAA
MX000004	Fnr	NC_003197.2	3868895	3868908	-	11.6429	4.45e-05	1	TTGATGGAAATCAT
MX000004	Fnr	NC_003197.2	2220941	2220954	-	11.6327	4.48e-05	1	TTGATAACGAACAT
MX000004	Fnr	NC_003197.2	2422239	2422252	+	11.6327	4.48e-05	1	TTGATGCATCTCAT
MX000004	Fnr	NC_003197.2	4155980	4155993	-	11.6327	4.48e-05	1	TTGATGTACCACAT
MX000004	Fnr	NC_003197.2	4427198	4427211	-	11.6327	4.48e-05	1	TGGATTTCAAACAA
MX000004	Fnr	NC_003197.2	1479570	1479583	-	11.6224	4.51e-05	1	TTGCTCAATCTCAA
MX000004	Fnr	NC_003197.2	3302361	3302374	+	11.6224	4.51e-05	1	TTGATGACGATTAA
MX000004	Fnr	NC_003197.2	207368	207381	-	11.6122	4.54e-05	1	TTGATTTTCAACTC
MX000004	Fnr	NC_003197.2	4850853	4850866	+	11.6122	4.54e-05	1	ATGATAAACATCAT
MX000004	Fnr	NC_003197.2	1603732	1603745	-	11.602	4.56e-05	1	TTGCTTACCATCAT
MX000004	Fnr	NC_003197.2	2831040	2831053	+	11.602	4.56e-05	1	TTGATACCAATCAG
MX000004	Fnr	NC_003197.2	3482593	3482606	-	11.602	4.56e-05	1	TTGATACCAATCAG
MX000004	Fnr	NC_003197.2	83225	83238	+	11.5918	4.59e-05	1	TTGAGATAGAACAT
MX000004	Fnr	NC_003197.2	4784454	4784467	-	11.5714	4.65e-05	1	TTGATATAGATTAG
MX000004	Fnr	NC_003197.2	2238665	2238678	+	11.5612	4.68e-05	1	TTGAACTGCAACAA
MX000004	Fnr	NC_003197.2	2402866	2402879	+	11.551	4.71e-05	1	ATGATTTATCTCAT
MX000004	Fnr	NC_003197.2	4181441	4181454	-	11.551	4.71e-05	1	ATGATAAATATCAT
MX000004	Fnr	NC_003197.2	3886017	3886030	-	11.5408	4.75e-05	1	TTGAGTTTAATCAG
MX000004	Fnr	NC_003197.2	4742675	4742688	+	11.5408	4.75e-05	1	TTGAGTTGAATCAT
MX000004	Fnr	NC_003197.2	316413	316426	-	11.5306	4.78e-05	1	TTGAGATCCATCAG
MX000004	Fnr	NC_003197.2	392426	392439	+	11.5306	4.78e-05	1	TTGCTTTTTCTCAC
MX000004	Fnr	NC_003197.2	1104340	1104353	+	11.5306	4.78e-05	1	TTGTTCTCCATCAC
MX000004	Fnr	NC_003197.2	2770791	2770804	-	11.5306	4.78e-05	1	TTGTTCTCCATCAC
MX000004	Fnr	NC_003197.2	2962136	2962149	-	11.5306	4.78e-05	1	TTGCTGTTAATCAT
MX000004	Fnr	NC_003197.2	4632530	4632543	-	11.5306	4.78e-05	1	TTGTTGTAGCTCAA
MX000004	Fnr	NC_003197.2	3193874	3193887	-	11.5102	4.84e-05	1	TTGGTATATATCAG
MX000004	Fnr	NC_003197.2	3295596	3295609	+	11.5102	4.84e-05	1	TTGTTGCTCATCAA
MX000004	Fnr	NC_003197.2	4564697	4564710	+	11.5102	4.84e-05	1	ATGATTATGAACAA
MX000004	Fnr	NC_003277.2	14754	14767	+	11.5	4.87e-05	1	TTGAAAAAGATCAT
MX000004	Fnr	NC_003197.2	2463611	2463624	+	11.4898	4.9e-05	1	ATGATCTCAATCAC
MX000004	Fnr	NC_003197.2	3498445	3498458	+	11.4898	4.9e-05	1	TTGATTGCCATCAG
MX000004	Fnr	NC_003197.2	4313656	4313669	-	11.4898	4.9e-05	1	TTGAGCAAGATCAT
MX000004	Fnr	NC_003197.2	60252	60265	+	11.4796	4.93e-05	1	TTGATCTGCAACTA
MX000004	Fnr	NC_003197.2	190159	190172	-	11.4796	4.93e-05	1	TTGAATAAAATCAT
MX000004	Fnr	NC_003197.2	549342	549355	-	11.4796	4.93e-05	1	TTGCTGCACATCAC
MX000004	Fnr	NC_003197.2	2285142	2285155	-	11.4796	4.93e-05	1	TTGAAATTTATCAG
MX000004	Fnr	NC_003197.2	4674463	4674476	+	11.4796	4.93e-05	1	TTGAACAAGATCAC
MX000004	Fnr	NC_003197.2	1479570	1479583	+	11.4694	4.97e-05	1	TTGAGATTGAGCAA
MX000004	Fnr	NC_003197.2	1563957	1563970	+	11.4694	4.97e-05	1	TTGCTTTACATCTC
MX000004	Fnr	NC_003197.2	3591350	3591363	+	11.4694	4.97e-05	1	TTGATACACATTAC
MX000004	Fnr	NC_003197.2	3749717	3749730	-	11.4694	4.97e-05	1	TGGATTAAGAACAA
MX000004	Fnr	NC_003197.2	3799641	3799654	-	11.4694	4.97e-05	1	TTGATATGGATCTC
MX000004	Fnr	NC_003197.2	4549080	4549093	+	11.4694	4.97e-05	1	TTGATCTGACACAA
MX000004	Fnr	NC_003197.2	1369769	1369782	-	11.4592	5e-05	1	TTGATTTGTCGCAA
MX000004	Fnr	NC_003197.2	2231636	2231649	+	11.4592	5e-05	1	TTGATTATCCTCTA
MX000004	Fnr	NC_003197.2	3110642	3110655	-	11.4592	5e-05	1	ATGAGCTCTATCAA
MX000004	Fnr	NC_003197.2	3386153	3386166	+	11.4592	5e-05	1	TTGAATCCCATCAC
MX000004	Fnr	NC_003197.2	1109198	1109211	-	11.449	5.03e-05	1	TTGTTTCATATCAC
MX000004	Fnr	NC_003197.2	1500097	1500110	-	11.449	5.03e-05	1	TTGATATGACTCAT
MX000004	Fnr	NC_003197.2	2765882	2765895	+	11.449	5.03e-05	1	TTGTTTCATATCAC
MX000004	Fnr	NC_003197.2	1500097	1500110	+	11.4388	5.06e-05	1	ATGAGTCATATCAA
MX000004	Fnr	NC_003197.2	250183	250196	-	11.4286	5.09e-05	1	TTGAGGTGCAACAA
MX000004	Fnr	NC_003197.2	1425238	1425251	-	11.4286	5.09e-05	1	TTGATTATTAATAA
MX000004	Fnr	NC_003197.2	4081818	4081831	-	11.4286	5.09e-05	1	TTGATTATTAACAG
MX000004	Fnr	NC_003197.2	5453	5466	+	11.4184	5.12e-05	1	TTGATAAAGATCTT
MX000004	Fnr	NC_003197.2	403722	403735	+	11.4184	5.12e-05	1	ATGATCTATATCGA
MX000004	Fnr	NC_003197.2	954563	954576	-	11.4184	5.12e-05	1	TTGAATAACATCTA
MX000004	Fnr	NC_003197.2	1215750	1215763	-	11.4184	5.12e-05	1	TTGATATGCAACAG
MX000004	Fnr	NC_003197.2	3223142	3223155	+	11.4184	5.12e-05	1	TTGCTGTACAACAC
MX000004	Fnr	NC_003197.2	3970611	3970624	+	11.4184	5.12e-05	1	TTGAGGTACAACAC
MX000004	Fnr	NC_003197.2	1185230	1185243	+	11.4082	5.16e-05	1	TTGAAATAAATCAG
MX000004	Fnr	NC_003197.2	4794828	4794841	-	11.4082	5.16e-05	1	TTGATCTTGCTCGA
MX000004	Fnr	NC_003197.2	76138	76151	+	11.398	5.19e-05	1	TTGATTGCCAGCAA
MX000004	Fnr	NC_003197.2	1439290	1439303	+	11.398	5.19e-05	1	TTGATATTTATCTG
MX000004	Fnr	NC_003197.2	1893864	1893877	+	11.398	5.19e-05	1	TGGATGACCATCAA
MX000004	Fnr	NC_003197.2	2323583	2323596	-	11.398	5.19e-05	1	TTGATATGTATCTT
MX000004	Fnr	NC_003197.2	3048567	3048580	+	11.398	5.19e-05	1	TTGCAATTAATCAA
MX000004	Fnr	NC_003197.2	4424203	4424216	-	11.3878	5.21e-05	1	ATGATATTCATCAG
MX000004	Fnr	NC_003197.2	4570858	4570871	+	11.3878	5.21e-05	1	TTGTTGTTTAACAA
MX000004	Fnr	NC_003197.2	2288605	2288618	+	11.3776	5.24e-05	1	TTGATGTCCATTAT
MX000004	Fnr	NC_003197.2	2938536	2938549	-	11.3776	5.24e-05	1	TTGGTCGACATCAA
MX000004	Fnr	NC_003197.2	105791	105804	-	11.3673	5.27e-05	1	TTGATTTACAACGT
MX000004	Fnr	NC_003197.2	3504697	3504710	-	11.3673	5.27e-05	1	TTGATATTCAGCTA
MX000004	Fnr	NC_003197.2	4449852	4449865	-	11.3673	5.27e-05	1	ATGATCAAGAACAA
MX000004	Fnr	NC_003197.2	4645832	4645845	+	11.3673	5.27e-05	1	ATGTTTTTTATCAA
MX000004	Fnr	NC_003197.2	987147	987160	-	11.3571	5.29e-05	1	TTGGTTTTTATCAG
MX000004	Fnr	NC_003197.2	2244183	2244196	+	11.3571	5.29e-05	1	TTGCGACACATCAA
MX000004	Fnr	NC_003197.2	3461971	3461984	+	11.3571	5.29e-05	1	TTGATATTACCCAA
MX000004	Fnr	NC_003197.2	430706	430719	-	11.3469	5.33e-05	1	TTGAATCAAATCAT
MX000004	Fnr	NC_003197.2	1650035	1650048	+	11.3469	5.33e-05	1	TTGAAAATCAACAA
MX000004	Fnr	NC_003197.2	1482239	1482252	+	11.3367	5.37e-05	1	TTGATTTTCATCGG
MX000004	Fnr	NC_003197.2	2699536	2699549	+	11.3367	5.37e-05	1	ATGATTCTGATCAC
MX000004	Fnr	NC_003197.2	4527230	4527243	-	11.3367	5.37e-05	1	TTGAGCGCCATCAA
MX000004	Fnr	NC_003197.2	4644622	4644635	-	11.3367	5.37e-05	1	TTGCGTATCATCAA
MX000004	Fnr	NC_003197.2	4809448	4809461	-	11.3367	5.37e-05	1	TGGATATCGATCAT
MX000004	Fnr	NC_003197.2	348650	348663	+	11.3265	5.41e-05	1	ATGATATTTATTAA
MX000004	Fnr	NC_003197.2	3525709	3525722	+	11.3265	5.41e-05	1	TTGATGCCCAACAC
MX000004	Fnr	NC_003197.2	3855508	3855521	-	11.3265	5.41e-05	1	ATGATTAAAATCAT
MX000004	Fnr	NC_003197.2	4827328	4827341	+	11.3265	5.41e-05	1	ATGATTCTCATCAT
MX000004	Fnr	NC_003197.2	2172412	2172425	-	11.3061	5.46e-05	1	TTGCTCTAAAGCAA
MX000004	Fnr	NC_003197.2	3904487	3904500	-	11.3061	5.46e-05	1	TTGATGATTCTCAC
MX000004	Fnr	NC_003197.2	4417693	4417706	-	11.3061	5.46e-05	1	TTGATAACAAACAC
MX000004	Fnr	NC_003197.2	2030560	2030573	+	11.2959	5.49e-05	1	TGGAGGTATATCAA
MX000004	Fnr	NC_003197.2	2381068	2381081	+	11.2959	5.49e-05	1	TTGCGTTAGATCAT
MX000004	Fnr	NC_003197.2	2430128	2430141	+	11.2959	5.49e-05	1	TTGAGCATCATCAC
MX000004	Fnr	NC_003197.2	4523366	4523379	-	11.2959	5.49e-05	1	TTGCGACATATCAA
MX000004	Fnr	NC_003197.2	2159271	2159284	-	11.2857	5.52e-05	1	TTGCTTAATATTAA
MX000004	Fnr	NC_003197.2	4062346	4062359	-	11.2857	5.52e-05	1	TTGATGTCCACCAT
MX000004	Fnr	NC_003197.2	4449852	4449865	+	11.2857	5.52e-05	1	TTGTTCTTGATCAT
MX000004	Fnr	NC_003197.2	3690219	3690232	-	11.2755	5.55e-05	1	TTGGTGTTTCTCAA
MX000004	Fnr	NC_003197.2	1574682	1574695	+	11.2653	5.58e-05	1	TTGATCCAGATCTC
MX000004	Fnr	NC_003197.2	2621038	2621051	-	11.2653	5.58e-05	1	TTGATTTATCTTAT
MX000004	Fnr	NC_003197.2	118423	118436	-	11.2551	5.62e-05	1	TTGATTTTCAATAC
MX000004	Fnr	NC_003197.2	856961	856974	-	11.2551	5.62e-05	1	TTGATTTTCAATAC
MX000004	Fnr	NC_003197.2	3265406	3265419	-	11.2551	5.62e-05	1	TTGCTAATTATCAT
MX000004	Fnr	NC_003197.2	3293425	3293438	+	11.2551	5.62e-05	1	TTGATTTTCAATAC
MX000004	Fnr	NC_003197.2	3433722	3433735	-	11.2551	5.62e-05	1	TTGATTTGGCGCAA
MX000004	Fnr	NC_003197.2	3821734	3821747	-	11.2551	5.62e-05	1	TGGATATACAGCAA
MX000004	Fnr	NC_003197.2	4029942	4029955	+	11.2551	5.62e-05	1	TTGATAAACCTTAA
MX000004	Fnr	NC_003197.2	3213440	3213453	-	11.2449	5.66e-05	1	ATGATTCCTATCAC
MX000004	Fnr	NC_003197.2	1602125	1602138	+	11.2347	5.69e-05	1	ATGAACTCCATCAA
MX000004	Fnr	NC_003197.2	3156031	3156044	+	11.2347	5.69e-05	1	ATGAACTCCATCAA
MX000004	Fnr	NC_003197.2	4148165	4148178	-	11.2347	5.69e-05	1	TTGCGATATAACAA
MX000004	Fnr	NC_003197.2	1053993	1054006	-	11.2245	5.73e-05	1	TTGATTAAAACCAC
MX000004	Fnr	NC_003197.2	1306343	1306356	+	11.2245	5.73e-05	1	TTGATTTTCCTCTC
MX000004	Fnr	NC_003197.2	1497050	1497063	+	11.2245	5.73e-05	1	TTGATCAGCAGCAA
MX000004	Fnr	NC_003197.2	46367	46380	-	11.2143	5.76e-05	1	TTGATCCACAACAG
MX000004	Fnr	NC_003197.2	1604042	1604055	-	11.2143	5.76e-05	1	TTGAAAAAAAACAA
MX000004	Fnr	NC_003197.2	2166586	2166599	-	11.2143	5.76e-05	1	TTGATCTGGAACTA
MX000004	Fnr	NC_003197.2	2931892	2931905	+	11.2143	5.76e-05	1	TTGATGCAAAACAT
MX000004	Fnr	NC_003197.2	3314321	3314334	+	11.2143	5.76e-05	1	TTGCTTCACATCAG
MX000004	Fnr	NC_003197.2	4485458	4485471	+	11.2143	5.76e-05	1	TTGATGGCGATCAT
MX000004	Fnr	NC_003197.2	1314878	1314891	-	11.1939	5.84e-05	1	TTGATAAATATCGC
MX000004	Fnr	NC_003197.2	516143	516156	+	11.1837	5.88e-05	1	TTGCTACTCATCAT
MX000004	Fnr	NC_003197.2	1999846	1999859	+	11.1837	5.88e-05	1	TTGCTAAAAATCAT
MX000004	Fnr	NC_003197.2	3003450	3003463	+	11.1837	5.88e-05	1	TTGATTTGCCACAC
MX000004	Fnr	NC_003197.2	3492599	3492612	-	11.1837	5.88e-05	1	TTGTTGTTGAACAA
MX000004	Fnr	NC_003197.2	4618820	4618833	-	11.1837	5.88e-05	1	TTGATCGGCATCAC
MX000004	Fnr	NC_003197.2	4802145	4802158	+	11.1837	5.88e-05	1	TTGATCGGCATCAC
MX000004	Fnr	NC_003197.2	3464679	3464692	-	11.1735	5.91e-05	1	TTGTTTTACAACAT
MX000004	Fnr	NC_003197.2	4325354	4325367	+	11.1735	5.91e-05	1	ATGATGAACATCAC
MX000004	Fnr	NC_003197.2	184572	184585	-	11.1633	5.94e-05	1	ATGATTACCATCAT
MX000004	Fnr	NC_003197.2	617849	617862	-	11.1633	5.94e-05	1	TTGATCGGTAACAA
MX000004	Fnr	NC_003197.2	1365904	1365917	+	11.1633	5.94e-05	1	ATGTTTTTGATCAA
MX000004	Fnr	NC_003197.2	2852988	2853001	-	11.1633	5.94e-05	1	TTGATAATTATCTC
MX000004	Fnr	NC_003197.2	3181023	3181036	-	11.1633	5.94e-05	1	TTGCTGTGGAACAA
MX000004	Fnr	NC_003197.2	3449861	3449874	+	11.1633	5.94e-05	1	TTGATATCCATCTG
MX000004	Fnr	NC_003197.2	3779689	3779702	+	11.1633	5.94e-05	1	TTGAATTTAACCAA
MX000004	Fnr	NC_003197.2	304619	304632	+	11.1531	5.98e-05	1	TTGATATCACTCAG
MX000004	Fnr	NC_003197.2	1233030	1233043	-	11.1531	5.98e-05	1	TTGAGTGATATCAC
MX000004	Fnr	NC_003197.2	3430889	3430902	-	11.1531	5.98e-05	1	TTGATATCAATCGC
MX000004	Fnr	NC_003197.2	3436303	3436316	+	11.1531	5.98e-05	1	TTGATCGATAACAC
MX000004	Fnr	NC_003197.2	4662903	4662916	+	11.1531	5.98e-05	1	TTGATCCATAATAA
MX000004	Fnr	NC_003197.2	1817120	1817133	+	11.1429	6.01e-05	1	TTGTTTTTCATCAG
MX000004	Fnr	NC_003197.2	3417838	3417851	+	11.1429	6.01e-05	1	TTGCGTTTCAACAA
MX000004	Fnr	NC_003197.2	4527230	4527243	+	11.1429	6.01e-05	1	TTGATGGCGCTCAA
MX000004	Fnr	NC_003197.2	2328046	2328059	-	11.1327	6.05e-05	1	TTGATATCAACCAT
MX000004	Fnr	NC_003197.2	3448884	3448897	-	11.1327	6.05e-05	1	ATGATTTTTCACAA
MX000004	Fnr	NC_003197.2	1597201	1597214	-	11.1224	6.1e-05	1	TTGAGTCACAGCAA
MX000004	Fnr	NC_003197.2	1993050	1993063	+	11.1224	6.1e-05	1	TTGCTTCACAGCAA
MX000004	Fnr	NC_003197.2	2275885	2275898	-	11.1224	6.1e-05	1	TTGATCTGCAACAG
MX000004	Fnr	NC_003197.2	3283572	3283585	+	11.1224	6.1e-05	1	TTGAGATTCAACAT
MX000004	Fnr	NC_003197.2	4742675	4742688	-	11.1224	6.1e-05	1	ATGATTCAACTCAA
MX000004	Fnr	NC_003197.2	1488627	1488640	-	11.1122	6.13e-05	1	ATGAAGTTCATCAA
MX000004	Fnr	NC_003197.2	1660753	1660766	-	11.1122	6.13e-05	1	TTGGTATGCATCAC
MX000004	Fnr	NC_003197.2	4651567	4651580	-	11.1122	6.13e-05	1	TTGCTAAAACTCAA
MX000004	Fnr	NC_003197.2	492876	492889	+	11.102	6.17e-05	1	ATGATTTTAATCAG
MX000004	Fnr	NC_003197.2	1974309	1974322	+	11.102	6.17e-05	1	TTGCTCTTCAACAC
MX000004	Fnr	NC_003197.2	3443000	3443013	-	11.102	6.17e-05	1	TTGATACACACCAT
MX000004	Fnr	NC_003197.2	4227365	4227378	-	11.102	6.17e-05	1	TTGATCTTTATTTA
MX000004	Fnr	NC_003197.2	4531880	4531893	+	11.102	6.17e-05	1	TTGATTATCATCGC
MX000004	Fnr	NC_003197.2	4570858	4570871	-	11.102	6.17e-05	1	TTGTTAAACAACAA
MX000004	Fnr	NC_003197.2	4686272	4686285	+	11.102	6.17e-05	1	TTGATTATCCTCAG
MX000004	Fnr	NC_003197.2	50223	50236	-	11.0918	6.2e-05	1	TTGATTATGAGCAC
MX000004	Fnr	NC_003197.2	2447846	2447859	+	11.0918	6.2e-05	1	ATGATGTTAATCAT
MX000004	Fnr	NC_003197.2	2626064	2626077	+	11.0918	6.2e-05	1	TTGATCCCGCTCAC
MX000004	Fnr	NC_003197.2	2880796	2880809	-	11.0816	6.24e-05	1	TTGTTTTTTATCAG
MX000004	Fnr	NC_003197.2	373114	373127	+	11.0714	6.27e-05	1	TTGCTCATGAACAA
MX000004	Fnr	NC_003197.2	1653595	1653608	+	11.0714	6.27e-05	1	TTGCGTCAAATCAA
MX000004	Fnr	NC_003197.2	1217372	1217385	+	11.0612	6.32e-05	1	TTGAATAACATCAG
MX000004	Fnr	NC_003197.2	2898413	2898426	+	11.0612	6.32e-05	1	TTGATTACCAGCAC
MX000004	Fnr	NC_003197.2	3478860	3478873	+	11.0612	6.32e-05	1	TTGAATAACATTAA
MX000004	Fnr	NC_003197.2	132584	132597	+	11.051	6.36e-05	1	TTGCTGTTTATTAA
MX000004	Fnr	NC_003197.2	3039884	3039897	-	11.051	6.36e-05	1	ATGAAGTTTATCAA
MX000004	Fnr	NC_003197.2	2039389	2039402	-	11.0408	6.4e-05	1	TTGATTATTCTCAG
MX000004	Fnr	NC_003197.2	4437654	4437667	+	11.0408	6.4e-05	1	TTGATTAAAATTAT
MX000004	Fnr	NC_003197.2	613244	613257	-	11.0306	6.44e-05	1	TTGAAAATCATCAT
MX000004	Fnr	NC_003197.2	4435593	4435606	+	11.0306	6.44e-05	1	TTGAATTTCCTCAT
MX000004	Fnr	NC_003197.2	1881800	1881813	-	11.0204	6.47e-05	1	ATGATTTAACTCAC
MX000004	Fnr	NC_003197.2	3461971	3461984	-	11.0204	6.47e-05	1	TTGGGTAATATCAA
MX000004	Fnr	NC_003197.2	4677354	4677367	+	11.0204	6.47e-05	1	ATGATAAAAATCAC
MX000004	Fnr	NC_003197.2	1660194	1660207	+	11.0102	6.5e-05	1	TTGCTATTCCTCAC
MX000004	Fnr	NC_003197.2	4561555	4561568	+	11.0102	6.5e-05	1	TTGATCTTTAGCTA
MX000004	Fnr	NC_003197.2	1289030	1289043	-	11	6.54e-05	1	ATGATGTATATCGA
MX000004	Fnr	NC_003197.2	1871293	1871306	-	11	6.54e-05	1	TTGTTCTACATTAA
MX000004	Fnr	NC_003197.2	3271789	3271802	+	11	6.54e-05	1	TTGGGCTTGATCAA
MX000004	Fnr	NC_003197.2	3618573	3618586	+	11	6.54e-05	1	TTGAGCACCATCAC
MX000004	Fnr	NC_003197.2	361683	361696	+	10.9796	6.61e-05	1	TTGAAATCGATCAG
MX000004	Fnr	NC_003197.2	450366	450379	+	10.9796	6.61e-05	1	TTGCTGTAAATTAA
MX000004	Fnr	NC_003197.2	569701	569714	+	10.9796	6.61e-05	1	TGGCTATCTATCAA
MX000004	Fnr	NC_003197.2	1662604	1662617	-	10.9796	6.61e-05	1	TTGAAATCGATCAG
MX000004	Fnr	NC_003197.2	1831962	1831975	-	10.9796	6.61e-05	1	TTGATTTACCTCGT
MX000004	Fnr	NC_003197.2	3056769	3056782	-	10.9796	6.61e-05	1	TGGAGCTTTATCAA
MX000004	Fnr	NC_003197.2	3423177	3423190	+	10.9796	6.61e-05	1	TTGATTTTGAGCGA
MX000004	Fnr	NC_003197.2	1222303	1222316	-	10.9694	6.66e-05	1	TTGAGCTCGATTAA
MX000004	Fnr	NC_003197.2	2026894	2026907	-	10.9694	6.66e-05	1	TTGTTTCAGATCAT
MX000004	Fnr	NC_003197.2	2965945	2965958	+	10.9694	6.66e-05	1	TTGATGTATACCAG
MX000004	Fnr	NC_003277.2	43726	43739	-	10.9592	6.7e-05	1	TTGATTTTGCTCTC
MX000004	Fnr	NC_003197.2	1465520	1465533	-	10.9592	6.7e-05	1	TTGCTATGAATCAT
MX000004	Fnr	NC_003197.2	626832	626845	-	10.949	6.74e-05	1	TTGAAATGAATCAC
MX000004	Fnr	NC_003197.2	1290513	1290526	+	10.949	6.74e-05	1	TTGATTATTCCCAA
MX000004	Fnr	NC_003197.2	1878364	1878377	-	10.949	6.74e-05	1	ATGATGTGCATCAC
MX000004	Fnr	NC_003197.2	2893005	2893018	-	10.949	6.74e-05	1	TTGATATTTACTAA
MX000004	Fnr	NC_003197.2	3139870	3139883	-	10.949	6.74e-05	1	TTGATATTTACCAG
MX000004	Fnr	NC_003197.2	2164939	2164952	-	10.9388	6.77e-05	1	TTGCTGCAGATCAT
MX000004	Fnr	NC_003197.2	2533245	2533258	-	10.9388	6.77e-05	1	TTGATCTAAAGCTA
MX000004	Fnr	NC_003197.2	3760651	3760664	-	10.9388	6.77e-05	1	TTGATAGTGATTAA
MX000004	Fnr	NC_003197.2	4678518	4678531	-	10.9388	6.77e-05	1	TTGATATGCCCCAA
MX000004	Fnr	NC_003197.2	707107	707120	-	10.9184	6.84e-05	1	TTGATAACACTCAC
MX000004	Fnr	NC_003197.2	14965	14978	+	10.9082	6.89e-05	1	TTGAGTATTATCTA
MX000004	Fnr	NC_003197.2	1766656	1766669	-	10.9082	6.89e-05	1	TTGATCGGCATCAT
MX000004	Fnr	NC_003197.2	2054930	2054943	-	10.9082	6.89e-05	1	ATGATTAACATCAG
MX000004	Fnr	NC_003197.2	2892715	2892728	-	10.9082	6.89e-05	1	TTGATTTTCCATAA
MX000004	Fnr	NC_003197.2	3076482	3076495	+	10.9082	6.89e-05	1	TTGATAATCAACAG
MX000004	Fnr	NC_003197.2	4758556	4758569	-	10.9082	6.89e-05	1	TTGATAATCAATAA
MX000004	Fnr	NC_003197.2	1101584	1101597	+	10.898	6.92e-05	1	TTGATGTTCCACAT
MX000004	Fnr	NC_003197.2	2465108	2465121	-	10.898	6.92e-05	1	TTGATATCGATCTG
MX000004	Fnr	NC_003197.2	2546356	2546369	+	10.898	6.92e-05	1	TTGATGCTTCTCAT
MX000004	Fnr	NC_003197.2	2773547	2773560	-	10.898	6.92e-05	1	TTGATGTTCCACAT
MX000004	Fnr	NC_003197.2	3098209	3098222	-	10.898	6.92e-05	1	ATGATGAACATCAT
MX000004	Fnr	NC_003197.2	3132492	3132505	+	10.898	6.92e-05	1	TTGATATCGATCTG
MX000004	Fnr	NC_003197.2	4485458	4485471	-	10.898	6.92e-05	1	ATGATCGCCATCAA
MX000004	Fnr	NC_003197.2	1746637	1746650	+	10.8878	6.97e-05	1	TTGATTACGATTAC
MX000004	Fnr	NC_003197.2	1887504	1887517	+	10.8878	6.97e-05	1	TTGAACTCTATCAG
MX000004	Fnr	NC_003197.2	209730	209743	+	10.8776	7e-05	1	TTGATCAATACCAT
MX000004	Fnr	NC_003197.2	3483272	3483285	-	10.8776	7e-05	1	TTGATCTTAATCGT
MX000004	Fnr	NC_003197.2	4523366	4523379	+	10.8776	7e-05	1	TTGATATGTCGCAA
MX000004	Fnr	NC_003197.2	4570188	4570201	+	10.8776	7e-05	1	TTGATTTCAATCTG
MX000004	Fnr	NC_003197.2	209730	209743	-	10.8571	7.08e-05	1	ATGGTATTGATCAA
MX000004	Fnr	NC_003197.2	375625	375638	+	10.8571	7.08e-05	1	TTGAGATTGAACAT
MX000004	Fnr	NC_003197.2	325882	325895	+	10.8469	7.13e-05	1	TGGATAAAGATCAC
MX000004	Fnr	NC_003197.2	512808	512821	-	10.8469	7.13e-05	1	TTGATTTTTCATAA
MX000004	Fnr	NC_003197.2	2542042	2542055	+	10.8469	7.13e-05	1	ATGATTAATATCAG
MX000004	Fnr	NC_003197.2	3024101	3024114	+	10.8469	7.13e-05	1	TTGAATTATATCTT
MX000004	Fnr	NC_003197.2	4378897	4378910	-	10.8469	7.13e-05	1	TTGATTCACATCTG
MX000004	Fnr	NC_003277.2	41820	41833	+	10.8367	7.18e-05	1	ATGAATTACATCAT
MX000004	Fnr	NC_003197.2	38747	38760	-	10.8265	7.22e-05	1	TTGATGAATATTAC
MX000004	Fnr	NC_003197.2	2232476	2232489	+	10.8265	7.22e-05	1	TTGAATTTAAACAC
MX000004	Fnr	NC_003197.2	2422239	2422252	-	10.8265	7.22e-05	1	ATGAGATGCATCAA
MX000004	Fnr	NC_003197.2	3235623	3235636	-	10.8265	7.22e-05	1	ATGATTACGCTCAA
MX000004	Fnr	NC_003197.2	2456630	2456643	+	10.8163	7.26e-05	1	TTGGTCTGCATCAC
MX000004	Fnr	NC_003197.2	2962136	2962149	+	10.8163	7.26e-05	1	ATGATTAACAGCAA
MX000004	Fnr	NC_003197.2	1769338	1769351	-	10.8061	7.29e-05	1	TTGATCTCTATTTA
MX000004	Fnr	NC_003197.2	1973782	1973795	-	10.8061	7.29e-05	1	TTGATAATTATTAC
MX000004	Fnr	NC_003197.2	3492599	3492612	+	10.8061	7.29e-05	1	TTGTTCAACAACAA
MX000004	Fnr	NC_003197.2	3983856	3983869	-	10.8061	7.29e-05	1	TTGATGTTAATTAT
MX000004	Fnr	NC_003197.2	1030817	1030830	-	10.7959	7.33e-05	1	TTGGTTTAGCTCAT
MX000004	Fnr	NC_003197.2	1796358	1796371	-	10.7959	7.33e-05	1	TTGAATAAGATTAA
MX000004	Fnr	NC_003197.2	2521278	2521291	-	10.7959	7.33e-05	1	TTGATGAACAGCAC
MX000004	Fnr	NC_003197.2	3024381	3024394	-	10.7959	7.33e-05	1	TTGAATAAGATTAA
MX000004	Fnr	NC_003197.2	3216575	3216588	-	10.7959	7.33e-05	1	TTGATGAACACCAC
MX000004	Fnr	NC_003197.2	1007162	1007175	-	10.7857	7.37e-05	1	TTGATTACCACCAT
MX000004	Fnr	NC_003197.2	1864475	1864488	+	10.7857	7.37e-05	1	ATGCTAAAGATCAA
MX000004	Fnr	NC_003197.2	3294220	3294233	-	10.7857	7.37e-05	1	TGGATTTTTATCGA
MX000004	Fnr	NC_003197.2	2687431	2687444	-	10.7755	7.42e-05	1	TTGTTGATAATCAA
MX000004	Fnr	NC_003197.2	3329969	3329982	+	10.7755	7.42e-05	1	ATGATATTGATCGA
MX000004	Fnr	NC_003197.2	4087179	4087192	+	10.7755	7.42e-05	1	TTGATAATCACCAC
MX000004	Fnr	NC_003197.2	4204822	4204835	+	10.7755	7.42e-05	1	TTGATAAAAAATAA
MX000004	Fnr	NC_003197.2	4617446	4617459	+	10.7755	7.42e-05	1	TTGATAAAAAATAA
MX000004	Fnr	NC_003197.2	1302485	1302498	-	10.7653	7.48e-05	1	TTGCTAATAAACAA
MX000004	Fnr	NC_003197.2	2911014	2911027	-	10.7653	7.48e-05	1	TTGATATTGAACTC
MX000004	Fnr	NC_003197.2	4250632	4250645	-	10.7653	7.48e-05	1	TTGAAGTTTATTAA
MX000004	Fnr	NC_003197.2	4440177	4440190	+	10.7653	7.48e-05	1	ATGAAAAACATCAA
MX000004	Fnr	NC_003197.2	4549388	4549401	-	10.7653	7.48e-05	1	TTGATGCGCATCAG
MX000004	Fnr	NC_003197.2	509365	509378	-	10.7551	7.53e-05	1	TTGATATAGCTTAC
MX000004	Fnr	NC_003197.2	1098685	1098698	+	10.7551	7.53e-05	1	ATGAGATATATCAC
MX000004	Fnr	NC_003197.2	2554467	2554480	-	10.7551	7.53e-05	1	ATGATTTACATCTT
MX000004	Fnr	NC_003197.2	3774605	3774618	-	10.7551	7.53e-05	1	ATGATTGATAACAA
MX000004	Fnr	NC_003197.2	68410	68423	+	10.7449	7.57e-05	1	TTGATGGGTAACAA
MX000004	Fnr	NC_003197.2	956008	956021	+	10.7449	7.57e-05	1	TTGATATGGAGCAT
MX000004	Fnr	NC_003197.2	1822282	1822295	+	10.7449	7.57e-05	1	TTGATTTGAATCGC
MX000004	Fnr	NC_003197.2	4364341	4364354	+	10.7449	7.57e-05	1	TTGAATTGCAGCAA
MX000004	Fnr	NC_003197.2	4753612	4753625	+	10.7449	7.57e-05	1	TTGAATTGCAGCAA
MX000004	Fnr	NC_003197.2	659004	659017	-	10.7347	7.62e-05	1	TTGTTTTTTATCGA
MX000004	Fnr	NC_003197.2	1758485	1758498	-	10.7347	7.62e-05	1	ATGATATCGACCAA
MX000004	Fnr	NC_003197.2	3933644	3933657	+	10.7347	7.62e-05	1	TTGAAAACCATCAT
MX000004	Fnr	NC_003197.2	1559884	1559897	-	10.7245	7.65e-05	1	TTGATTTTAACCAG
MX000004	Fnr	NC_003197.2	2610821	2610834	+	10.7245	7.65e-05	1	ATGATCAAAATCAC
MX000004	Fnr	NC_003197.2	2466656	2466669	-	10.7143	7.69e-05	1	ATGTTATAAATCAA
MX000004	Fnr	NC_003197.2	3604951	3604964	+	10.7143	7.69e-05	1	TTGATATCCAGCAG
MX000004	Fnr	NC_003197.2	3986808	3986821	+	10.7143	7.69e-05	1	TTGTTTTTCAACAC
MX000004	Fnr	NC_003197.2	4024829	4024842	-	10.7143	7.69e-05	1	TTGATATCCAGCAG
MX000004	Fnr	NC_003197.2	4307878	4307891	-	10.7143	7.69e-05	1	TTGATTTTTCGCAC
MX000004	Fnr	NC_003197.2	4797272	4797285	+	10.7143	7.69e-05	1	ATGATTGATATCAC
MX000004	Fnr	NC_003277.2	8798	8811	+	10.7041	7.74e-05	1	TTGCTGTTTATCGA
MX000004	Fnr	NC_003197.2	1752409	1752422	-	10.7041	7.74e-05	1	TTGAGAAATATCAG
MX000004	Fnr	NC_003197.2	2868531	2868544	+	10.7041	7.74e-05	1	TTGTTACAGAACAA
MX000004	Fnr	NC_003197.2	3744854	3744867	+	10.7041	7.74e-05	1	ATGAAAAATATCAA
MX000004	Fnr	NC_003197.2	4143947	4143960	+	10.7041	7.74e-05	1	TTGTACTTCATCAA
MX000004	Fnr	NC_003197.2	4185490	4185503	+	10.7041	7.74e-05	1	TTGATTCTGATCGC
MX000004	Fnr	NC_003197.2	4482773	4482786	+	10.7041	7.74e-05	1	TTGATTCTGCTCAG
MX000004	Fnr	NC_003197.2	1354083	1354096	-	10.6837	7.83e-05	1	TTGTTCTTAATCAT
MX000004	Fnr	NC_003197.2	3289319	3289332	+	10.6837	7.83e-05	1	TTGAACTCGATCAG
MX000004	Fnr	NC_003197.2	3774605	3774618	+	10.6837	7.83e-05	1	TTGTTATCAATCAT
MX000004	Fnr	NC_003197.2	850230	850243	-	10.6735	7.87e-05	1	TTGAAATTAATCAG
MX000004	Fnr	NC_003197.2	1026132	1026145	-	10.6735	7.87e-05	1	ATGATGTTCATCAG
MX000004	Fnr	NC_003197.2	3690219	3690232	+	10.6735	7.87e-05	1	TTGAGAAACACCAA
MX000004	Fnr	NC_003197.2	1314040	1314053	-	10.6633	7.92e-05	1	TTGATATTCACCGA
MX000004	Fnr	NC_003197.2	2446581	2446594	-	10.6633	7.92e-05	1	ATGAAATCAATCAA
MX000004	Fnr	NC_003197.2	3896625	3896638	-	10.6633	7.92e-05	1	TTGATGCACAGCAC
MX000004	Fnr	NC_003197.2	4784371	4784384	-	10.6633	7.92e-05	1	TTGATCACACACAA
MX000004	Fnr	NC_003197.2	112159	112172	-	10.6531	7.96e-05	1	TTGAAACCGAACAA
MX000004	Fnr	NC_003197.2	137245	137258	+	10.6531	7.96e-05	1	TTGAACCTGAACAA
MX000004	Fnr	NC_003197.2	1653595	1653608	-	10.6531	7.96e-05	1	TTGATTTGACGCAA
MX000004	Fnr	NC_003197.2	4538654	4538667	-	10.6531	7.96e-05	1	TTGCTGCAAAACAA
MX000004	Fnr	NC_003197.2	210771	210784	+	10.6429	8.01e-05	1	TTGATTTTGAACGC
MX000004	Fnr	NC_003197.2	1021167	1021180	+	10.6429	8.01e-05	1	TTGATAGCGATCAG
MX000004	Fnr	NC_003197.2	1071512	1071525	-	10.6429	8.01e-05	1	TTGATGTTACGCAA
MX000004	Fnr	NC_003197.2	1911476	1911489	+	10.6429	8.01e-05	1	TTGATAAAAAGCAC
MX000004	Fnr	NC_003197.2	3301263	3301276	-	10.6429	8.01e-05	1	TTGATAGCGATTAA
MX000004	Fnr	NC_003197.2	3370668	3370681	+	10.6429	8.01e-05	1	TTGATAGCGATCAG
MX000004	Fnr	NC_003197.2	3353029	3353042	+	10.6327	8.05e-05	1	ATGATGAAGATCAT
MX000004	Fnr	NC_003197.2	639266	639279	-	10.6224	8.09e-05	1	TTGCTGCGAATCAA
MX000004	Fnr	NC_003197.2	1465520	1465533	+	10.6224	8.09e-05	1	ATGATTCATAGCAA
MX000004	Fnr	NC_003197.2	3603269	3603282	+	10.6224	8.09e-05	1	TTGATCAATATCGT
MX000004	Fnr	NC_003197.2	1394470	1394483	+	10.6122	8.15e-05	1	ATGATATTCCACAA
MX000004	Fnr	NC_003197.2	2551860	2551873	-	10.6122	8.15e-05	1	TGGATATTCATCAG
MX000004	Fnr	NC_003197.2	3598011	3598024	+	10.6122	8.15e-05	1	TTGATTTCCCACAG
MX000004	Fnr	NC_003197.2	3674855	3674868	-	10.6122	8.15e-05	1	TTGATCAACCTCGA
MX000004	Fnr	NC_003197.2	4772935	4772948	-	10.6122	8.15e-05	1	TTGCTTTATCGCAA
MX000004	Fnr	NC_003197.2	1152125	1152138	-	10.602	8.2e-05	1	AGGATCTTCATCAA
MX000004	Fnr	NC_003197.2	3271789	3271802	-	10.602	8.2e-05	1	TTGATCAAGCCCAA
MX000004	Fnr	NC_003197.2	3917584	3917597	-	10.602	8.2e-05	1	TTGATGTGTATTAC
MX000004	Fnr	NC_003197.2	1317975	1317988	-	10.5918	8.24e-05	1	TTGAAGATCATCAC
MX000004	Fnr	NC_003197.2	1335284	1335297	+	10.5918	8.24e-05	1	TTGATAATCATTAT
MX000004	Fnr	NC_003197.2	1973017	1973030	+	10.5918	8.24e-05	1	TTGATAGTGATCGA
MX000004	Fnr	NC_003197.2	2040401	2040414	+	10.5918	8.24e-05	1	TTGATAATCATTAT
MX000004	Fnr	NC_003197.2	2525010	2525023	-	10.5918	8.24e-05	1	TTGATAATCATTAT
MX000004	Fnr	NC_003197.2	3542330	3542343	+	10.5918	8.24e-05	1	ATGATTTGCAGCAA
MX000004	Fnr	NC_003197.2	1833105	1833118	+	10.5816	8.28e-05	1	TTGAATGACCTCAA
MX000004	Fnr	NC_003197.2	3110642	3110655	+	10.5816	8.28e-05	1	TTGATAGAGCTCAT
MX000004	Fnr	NC_003197.2	3579299	3579312	+	10.5816	8.28e-05	1	TTGATGAACAACGA
MX000004	Fnr	NC_003197.2	3969664	3969677	+	10.5816	8.28e-05	1	ATGATTTACAGCAC
MX000004	Fnr	NC_003197.2	668559	668572	-	10.5714	8.33e-05	1	TTGAAATTGAACAT
MX000004	Fnr	NC_003197.2	877539	877552	-	10.5714	8.33e-05	1	TTGCTCTATAACTA
MX000004	Fnr	NC_003197.2	1349879	1349892	+	10.5714	8.33e-05	1	TTGATGTGCAGCAC
MX000004	Fnr	NC_003197.2	2651470	2651483	-	10.5714	8.33e-05	1	ATGAAACATATCAA
MX000004	Fnr	NC_003197.2	3367065	3367078	-	10.5714	8.33e-05	1	TTGAAATTGAACAT
MX000004	Fnr	NC_003197.2	956008	956021	-	10.5612	8.37e-05	1	ATGCTCCATATCAA
MX000004	Fnr	NC_003197.2	2019750	2019763	+	10.5612	8.37e-05	1	TTGATCCAGATCGC
MX000004	Fnr	NC_003197.2	3511079	3511092	-	10.5612	8.37e-05	1	TTGAGATCGAACAT
MX000004	Fnr	NC_003197.2	4729674	4729687	-	10.5612	8.37e-05	1	ATGATTAACATCGA
MX000004	Fnr	NC_003197.2	2611820	2611833	+	10.551	8.42e-05	1	TTGATATGAAACAG
MX000004	Fnr	NC_003197.2	3073159	3073172	-	10.551	8.42e-05	1	TGGATATTTATCAG
MX000004	Fnr	NC_003197.2	3948733	3948746	+	10.551	8.42e-05	1	TTGCTTATTATTAA
MX000004	Fnr	NC_003197.2	4089614	4089627	-	10.551	8.42e-05	1	TTGCTTATTATCAG
MX000004	Fnr	NC_003197.2	4667319	4667332	+	10.551	8.42e-05	1	TTGTTTCTGAACAA
MX000004	Fnr	NC_003197.2	1081428	1081441	+	10.5408	8.48e-05	1	TGGATGTACAGCAA
MX000004	Fnr	NC_003197.2	1286981	1286994	+	10.5408	8.48e-05	1	TTGGTCTGCATCAT
MX000004	Fnr	NC_003197.2	2026894	2026907	+	10.5408	8.48e-05	1	ATGATCTGAAACAA
MX000004	Fnr	NC_003197.2	3949089	3949102	+	10.5408	8.48e-05	1	TTGCATTTCATCAT
MX000004	Fnr	NC_003197.2	4019148	4019161	+	10.5408	8.48e-05	1	AGGATCTTTATCAA
MX000004	Fnr	NC_003197.2	4543575	4543588	-	10.5408	8.48e-05	1	TTGGTCTGCATCAT
MX000004	Fnr	NC_003197.2	828835	828848	+	10.5306	8.52e-05	1	TTGATTTTTCTTAT
MX000004	Fnr	NC_003197.2	1156445	1156458	+	10.5306	8.52e-05	1	TTGGATAAGATCAA
MX000004	Fnr	NC_003197.2	1781478	1781491	+	10.5306	8.52e-05	1	ATGCTCTGCATCAA
MX000004	Fnr	NC_003197.2	1993189	1993202	+	10.5306	8.52e-05	1	TTGAAACCCCTCAA
MX000004	Fnr	NC_003197.2	2078971	2078984	-	10.5306	8.52e-05	1	ATGATTATCATCTA
MX000004	Fnr	NC_003197.2	2298725	2298738	-	10.5306	8.52e-05	1	TTGATAATTATTAT
MX000004	Fnr	NC_003197.2	96560	96573	+	10.5204	8.57e-05	1	TTGCTGACTATCAC
MX000004	Fnr	NC_003197.2	465652	465665	-	10.5204	8.57e-05	1	TTGATGTAAACCTA
MX000004	Fnr	NC_003197.2	1344136	1344149	-	10.5204	8.57e-05	1	TGGATATTCAGCAA
MX000004	Fnr	NC_003197.2	2868531	2868544	-	10.5204	8.57e-05	1	TTGTTCTGTAACAA
MX000004	Fnr	NC_003197.2	4138606	4138619	-	10.5204	8.57e-05	1	TTGATCGCCACCAA
MX000004	Fnr	NC_003197.2	4666928	4666941	-	10.5204	8.57e-05	1	TTGATGGACAACAT
MX000004	Fnr	NC_003197.2	2560900	2560913	-	10.5102	8.61e-05	1	TTGCACCAGATCAA
MX000004	Fnr	NC_003197.2	3048353	3048366	+	10.5102	8.61e-05	1	TTGATACGGAACAT
MX000004	Fnr	NC_003197.2	3165833	3165846	-	10.5102	8.61e-05	1	TTGATCATTATTAC
MX000004	Fnr	NC_003197.2	1701036	1701049	-	10.5	8.66e-05	1	TTGATGCGGATTAA
MX000004	Fnr	NC_003197.2	2322274	2322287	-	10.5	8.66e-05	1	TTGAGTTAGATCGC
MX000004	Fnr	NC_003197.2	2855880	2855893	+	10.5	8.66e-05	1	TTGATGCGGATCAG
MX000004	Fnr	NC_003197.2	1369769	1369782	+	10.4898	8.71e-05	1	TTGCGACAAATCAA
MX000004	Fnr	NC_003197.2	2254243	2254256	-	10.4898	8.71e-05	1	TTGATCCGGAACAC
MX000004	Fnr	NC_003197.2	756319	756332	-	10.4796	8.78e-05	1	TTGATGTTGATTTA
MX000004	Fnr	NC_003197.2	853917	853930	-	10.4796	8.78e-05	1	TGGATTAAACTCAA
MX000004	Fnr	NC_003197.2	896855	896868	-	10.4796	8.78e-05	1	TTGATGTTGATCTG
MX000004	Fnr	NC_003197.2	1482780	1482793	+	10.4796	8.78e-05	1	ATGAATCTCATCAA
MX000004	Fnr	NC_003197.2	2162233	2162246	+	10.4796	8.78e-05	1	TTGATCAAAAATAA
MX000004	Fnr	NC_003197.2	2853793	2853806	+	10.4796	8.78e-05	1	ATGATTAACAACAC
MX000004	Fnr	NC_003197.2	3712155	3712168	-	10.4796	8.78e-05	1	TTGAAGTAGCTCAC
MX000004	Fnr	NC_003197.2	3924996	3925009	+	10.4796	8.78e-05	1	TTGATTCCGATTAT
MX000004	Fnr	NC_003197.2	358678	358691	-	10.4694	8.84e-05	1	TTGCTGAAAATCAT
MX000004	Fnr	NC_003197.2	867136	867149	-	10.4694	8.84e-05	1	TTGCTTTTGATCTC
MX000004	Fnr	NC_003197.2	2191648	2191661	+	10.4694	8.84e-05	1	TTGCTGATTCTCAA
MX000004	Fnr	NC_003197.2	2544380	2544393	-	10.4694	8.84e-05	1	TTGAACCAAATCAT
MX000004	Fnr	NC_003197.2	3048438	3048451	+	10.4694	8.84e-05	1	TTGATTTTAAACTT
MX000004	Fnr	NC_003197.2	4404820	4404833	-	10.4694	8.84e-05	1	TTGAACCTTCTCAA
MX000004	Fnr	NC_003197.2	4610998	4611011	+	10.4694	8.84e-05	1	TTGAAGAGAATCAA
MX000004	Fnr	NC_003197.2	971265	971278	+	10.4592	8.88e-05	1	TGGAGTCAGATCAA
MX000004	Fnr	NC_003197.2	1328150	1328163	-	10.4592	8.88e-05	1	TTGATAAAAATTAT
MX000004	Fnr	NC_003197.2	3522899	3522912	-	10.4592	8.88e-05	1	TTGAATTACACCAT
MX000004	Fnr	NC_003197.2	165637	165650	-	10.449	8.92e-05	1	TTGCTATCGCTCAC
MX000004	Fnr	NC_003197.2	903513	903526	+	10.449	8.92e-05	1	TTGATGTCCATCTG
MX000004	Fnr	NC_003197.2	3354214	3354227	-	10.449	8.92e-05	1	ATGATCAAAATCAT
MX000004	Fnr	NC_003197.2	428504	428517	-	10.4388	8.96e-05	1	TTGGTTCTGCTCAA
MX000004	Fnr	NC_003197.2	4139919	4139932	-	10.4388	8.96e-05	1	ATGATGATCATCAC
MX000004	Fnr	NC_003197.2	1049586	1049599	+	10.4286	9.01e-05	1	TTGAACTTCCTCAC
MX000004	Fnr	NC_003197.2	3829131	3829144	+	10.4286	9.01e-05	1	TTGATAAAAAACGA
MX000004	Fnr	NC_003197.2	4075597	4075610	+	10.4286	9.01e-05	1	TTGTTGTATACCAA
MX000004	Fnr	NC_003197.2	4450101	4450114	+	10.4286	9.01e-05	1	TTGTTATAAATCAG
MX000004	Fnr	NC_003197.2	1481804	1481817	-	10.4184	9.07e-05	1	TTGAGTCGTATCAT
MX000004	Fnr	NC_003197.2	1690632	1690645	-	10.4184	9.07e-05	1	TTGATCTCCACCAG
MX000004	Fnr	NC_003197.2	2968059	2968072	+	10.4184	9.07e-05	1	ATGGTTTGCATCAA
MX000004	Fnr	NC_003197.2	3811169	3811182	+	10.4184	9.07e-05	1	TGGATTTTCCACAA
MX000004	Fnr	NC_003197.2	1566340	1566353	-	10.4082	9.12e-05	1	TTGAGTTAGCGCAA
MX000004	Fnr	NC_003197.2	1731731	1731744	+	10.4082	9.12e-05	1	TTGATATTGAATAC
MX000004	Fnr	NC_003197.2	1756402	1756415	+	10.4082	9.12e-05	1	ATGATACTGCTCAA
MX000004	Fnr	NC_003197.2	2535637	2535650	+	10.4082	9.12e-05	1	ATGAACAATATCAA
MX000004	Fnr	NC_003197.2	3740942	3740955	+	10.4082	9.12e-05	1	ATGATGTTGATTAA
MX000004	Fnr	NC_003197.2	4549080	4549093	-	10.4082	9.12e-05	1	TTGTGTCAGATCAA
MX000004	Fnr	NC_003197.2	43662	43675	+	10.398	9.16e-05	1	TTGATGTGGATTAC
MX000004	Fnr	NC_003197.2	1273991	1274004	-	10.398	9.16e-05	1	TTGCTTCACCTCAC
MX000004	Fnr	NC_003197.2	3106289	3106302	+	10.398	9.16e-05	1	TTGCTTTTTATCTT
MX000004	Fnr	NC_003197.2	3676288	3676301	+	10.398	9.16e-05	1	TTGATCTTTATTGA
MX000004	Fnr	NC_003197.2	4541140	4541153	+	10.398	9.16e-05	1	TTGATATTGAGCGA
MX000004	Fnr	NC_003197.2	4648731	4648744	-	10.398	9.16e-05	1	TTGAGTTTTATCTT
MX000004	Fnr	NC_003197.2	342703	342716	-	10.3878	9.22e-05	1	TTGATATCCCACTA
MX000004	Fnr	NC_003197.2	1472285	1472298	+	10.3878	9.22e-05	1	TTGCTCACGCTCAA
MX000004	Fnr	NC_003197.2	2125658	2125671	-	10.3878	9.22e-05	1	TTGATATAGCGCAT
MX000004	Fnr	NC_003197.2	4391180	4391193	+	10.3878	9.22e-05	1	TTGCTCACGCTCAA
MX000004	Fnr	NC_003197.2	1004504	1004517	+	10.3776	9.27e-05	1	TTGTTTTTTAACAT
MX000004	Fnr	NC_003197.2	1266457	1266470	-	10.3776	9.27e-05	1	TTGCTATATACCAC
MX000004	Fnr	NC_003197.2	1957473	1957486	+	10.3776	9.27e-05	1	TTGAGTTCTATCTC
MX000004	Fnr	NC_003197.2	2380128	2380141	-	10.3776	9.27e-05	1	TTGTTTTTTAACAT
MX000004	Fnr	NC_003197.2	4224793	4224806	-	10.3776	9.27e-05	1	TTGATTTTAACCGA
MX000004	Fnr	NC_003197.2	4657242	4657255	-	10.3776	9.27e-05	1	ATGATCAAACTCAA
MX000004	Fnr	NC_003197.2	36051	36064	+	10.3673	9.31e-05	1	ATGAGTTCCATCAC
MX000004	Fnr	NC_003197.2	1421150	1421163	-	10.3673	9.31e-05	1	ATGCTTTCCATCAC
MX000004	Fnr	NC_003197.2	2997436	2997449	-	10.3673	9.31e-05	1	TTGCTCTCAATCAG
MX000004	Fnr	NC_003197.2	4023909	4023922	+	10.3673	9.31e-05	1	TTGATATCCAGCGA
MX000004	Fnr	NC_003197.2	4267789	4267802	-	10.3673	9.31e-05	1	TTGTTCGTCATCAA
MX000004	Fnr	NC_003197.2	3323631	3323644	+	10.3571	9.36e-05	1	TTGCAGCACATCAA
MX000004	Fnr	NC_003197.2	3368191	3368204	-	10.3469	9.42e-05	1	TTGCTGAATATCTA
MX000004	Fnr	NC_003197.2	1493791	1493804	-	10.3367	9.47e-05	1	TTGATAGTAATCAG
MX000004	Fnr	NC_003197.2	2790756	2790769	-	10.3367	9.47e-05	1	TTGCTGATGATCAT
MX000004	Fnr	NC_003197.2	2821984	2821997	+	10.3367	9.47e-05	1	TTGATGCGCAACAC
MX000004	Fnr	NC_003197.2	2887101	2887114	-	10.3367	9.47e-05	1	TTGGTTTTGCTCAC
MX000004	Fnr	NC_003197.2	3013882	3013895	+	10.3367	9.47e-05	1	TGGAAGTTCATCAA
MX000004	Fnr	NC_003197.2	3542330	3542343	-	10.3367	9.47e-05	1	TTGCTGCAAATCAT
MX000004	Fnr	NC_003197.2	1335287	1335300	-	10.3265	9.53e-05	1	TTGATAATGATTAT
MX000004	Fnr	NC_003197.2	2390222	2390235	-	10.3265	9.53e-05	1	TTGTTTTTCCTCAC
MX000004	Fnr	NC_003197.2	2525007	2525020	+	10.3265	9.53e-05	1	TTGATAATGATTAT
MX000004	Fnr	NC_003197.2	3394960	3394973	-	10.3265	9.53e-05	1	TTGATTTTGCTTAT
MX000004	Fnr	NC_003197.2	3608812	3608825	+	10.3265	9.53e-05	1	ATGATAAACATCAG
MX000004	Fnr	NC_003197.2	3693821	3693834	+	10.3265	9.53e-05	1	TTGAAGCAAATCAC
MX000004	Fnr	NC_003197.2	4038812	4038825	-	10.3265	9.53e-05	1	ATGATGTTCATCGA
MX000004	Fnr	NC_003197.2	2509827	2509840	-	10.3163	9.59e-05	1	TTGAATGAGCTCAA
MX000004	Fnr	NC_003197.2	3130655	3130668	+	10.3163	9.59e-05	1	TGGATATCCATCAG
MX000004	Fnr	NC_003197.2	1958373	1958386	+	10.3061	9.64e-05	1	TTGATATTTCTCTT
MX000004	Fnr	NC_003197.2	3509683	3509696	+	10.3061	9.64e-05	1	TTGATTTGCACCAG
MX000004	Fnr	NC_003197.2	1899329	1899342	+	10.2959	9.68e-05	1	TTGATTTCCCTTAT
MX000004	Fnr	NC_003197.2	3073256	3073269	+	10.2959	9.68e-05	1	TTGATATCAATCTG
MX000004	Fnr	NC_003197.2	4477622	4477635	+	10.2959	9.68e-05	1	TTGATGTCTACCTA
MX000004	Fnr	NC_003197.2	1043953	1043966	-	10.2857	9.74e-05	1	TGGATTTCGATCGA
MX000004	Fnr	NC_003197.2	1822242	1822255	-	10.2857	9.74e-05	1	TTGATACCTACCAC
MX000004	Fnr	NC_003197.2	2859342	2859355	+	10.2857	9.74e-05	1	TTGCTTTTCAGCAC
MX000004	Fnr	NC_003197.2	3241532	3241545	+	10.2857	9.74e-05	1	ATGATTCATAACAC
MX000004	Fnr	NC_003197.2	4827818	4827831	-	10.2857	9.74e-05	1	TGGATCTATAACAT
MX000004	Fnr	NC_003197.2	576109	576122	+	10.2755	9.79e-05	1	TTGAGCGATATCAC
MX000004	Fnr	NC_003197.2	1054791	1054804	-	10.2755	9.79e-05	1	ATGAACCATATCAA
MX000004	Fnr	NC_003197.2	4741777	4741790	+	10.2755	9.79e-05	1	TTGAGGTAAAACAT
MX000004	Fnr	NC_003197.2	454650	454663	+	10.2653	9.85e-05	1	TTGATGGAAAGCAA
MX000004	Fnr	NC_003197.2	1767842	1767855	-	10.2653	9.85e-05	1	TTGAAACCGCTCAA
MX000004	Fnr	NC_003197.2	2247913	2247926	-	10.2653	9.85e-05	1	TTGTTGTTAATCAT
MX000004	Fnr	NC_003197.2	2535344	2535357	+	10.2653	9.85e-05	1	TTGGTGCAGAACAA
MX000004	Fnr	NC_003197.2	3181905	3181918	+	10.2653	9.85e-05	1	TTGATTAAGAGTAA
MX000004	Fnr	NC_003197.2	3921468	3921481	+	10.2653	9.85e-05	1	TTGTTATCCATCAG
MX000004	Fnr	NC_003197.2	4284678	4284691	-	10.2653	9.85e-05	1	TTGATATTTAACGC
MX000004	Fnr	NC_003197.2	1923827	1923840	+	10.2551	9.92e-05	1	TTGATGAAGAGCAT
MX000004	Fnr	NC_003197.2	2033806	2033819	+	10.2551	9.92e-05	1	TTGCTTATGAGCAA
MX000004	Fnr	NC_003197.2	3431696	3431709	-	10.2551	9.92e-05	1	TTGATACCGATCTT
MX000004	Fnr	NC_003197.2	3530109	3530122	-	10.2551	9.92e-05	1	TGGATATCTATCAG
MX000004	Fnr	NC_003197.2	646525	646538	+	10.2449	9.97e-05	1	TTGATTATCATCTG
MX000004	Fnr	NC_003197.2	1022252	1022265	-	10.2449	9.97e-05	1	TTGATAGATAACTA
MX000004	Fnr	NC_003197.2	4026344	4026357	-	10.2449	9.97e-05	1	TTGATAATCATCGT
MX000004	Fnr	NC_003197.2	4271079	4271092	-	10.2449	9.97e-05	1	TTGCTACTACTCAA
MX000004	Fnr	NC_003197.2	4345277	4345290	+	10.2449	9.97e-05	1	ATGATAACGCTCAA

# FIMO (Find Individual Motif Occurrences): Version 5.5.4 compiled on Aug 31 2025 at 02:04:59
# The format of this file is described at http://meme-suite.org//doc/fimo-output-format.html#tsv_results.
# fimo --oc fimo_FNR /Users/admin/Desktop/TFBINd/salmonilla/FNR_pfm.txt /Users/admin/Desktop/TFBINd/salmonilla/GCF_000006945.2_ASM694v2_genomic.fna
