contig,start,end,strand,score,seq,nearest_gene
NC_005945.1,41301,41341,-,1.0,ATTTTTCTGAAAATA,BAS_RS00220
NC_005945.1,64652,64680,-,1.0,AACATTCAGAAAATA,BAS_RS00350
NC_005945.1,67431,67471,-,1.0,AGATATACAAAAATT,tilS
NC_005945.1,75783,75797,-,1.0,AATTCTTCAATAATT,pabB
NC_005945.1,99760,99774,-,1.0,AATTTATCAAAAATT,cysS
NC_005945.1,165010,165024,-,1.0,AATTATGAAAAATCA,gntP
NC_005945.1,195117,195131,-,1.0,AATATTCTAAATAAT,BAS_RS01080
NC_005945.1,207590,207618,-,1.0,ATTTTTCATACAATT,BAS_RS01155
NC_005945.1,216077,216105,-,1.0,ATTTTTCTGAAAATA,BAS_RS01200
NC_005945.1,316708,316736,-,1.0,AATTATAACAAAATT,BAS_RS01690
NC_005945.1,326177,326191,+,1.0,AATTTACATAAAAAT,cds-BAS_RS01745
NC_005945.1,558222,558236,+,1.0,AATTGTCAAAAAATT,opuD
NC_005945.1,607312,607326,+,1.0,AATGTTCAAAAAAAT,BAS_RS03170
NC_005945.1,618604,618618,-,1.0,AATTTTCAACATATT,BAS_RS03220
NC_005945.1,628842,628881,+,1.0,AATTTACAAAATATT,BAS_RS03260
NC_005945.1,628991,629019,-,1.0,AATTTTCTGATTAAT,BAS_RS03265
NC_005945.1,660396,660435,-,1.0,AATTTTCTGATAATA,BAS_RS03405
NC_005945.1,678096,678110,+,1.0,AATATTCAAAAATCT,BAS_RS03490
NC_005945.1,700787,700815,-,1.0,AATTCTATTAAAATT,BAS_RS03595
NC_005945.1,714105,714119,+,1.0,AATTATAAAACATTT,BAS_RS03650
NC_005945.1,866342,866356,-,1.0,AATTTACAAATTATT,sasP
NC_005945.1,877579,877593,-,1.0,ATTTTTGAAATCATA,BAS_RS04595
NC_005945.1,884404,884432,-,1.0,ATTTTTCTGATTATT,BAS_RS04610
NC_005945.1,911258,911277,-,1.0,AATTTTCTAAATTAT,BAS_RS04705
NC_005945.1,919136,919156,+,1.0,AATTCACAAAATATT,BAS_RS04745
NC_005945.1,942596,942610,+,1.0,AATTTTCTTATATAT,BAS_RS04850
NC_005945.1,983459,983473,+,1.0,AATTTTCTGTTAATT,BAS_RS05085
NC_005945.1,1007994,1008008,+,1.0,AATTTTAAAATCATT,BAS_RS05230
NC_005945.1,1071848,1071871,+,1.0,AATATTCTAAATTTT,BAS_RS05550
NC_005945.1,1132097,1132126,-,1.0,AATTTTTCTGAATTT,BAS_RS05840
NC_005945.1,1202284,1202342,-,1.0,ATTTTTCAGAATAAT,putP
NC_005945.1,1209951,1209974,-,1.0,AATTTTCAATTGTTT,BAS_RS06250
NC_005945.1,1240128,1240142,+,1.0,AATTATCAAATATTT,BAS_RS06425
NC_005945.1,1262929,1262943,+,1.0,AATTTTCTGATAAAA,BAS_RS06520
NC_005945.1,1278723,1278738,-,1.0,AATTTACAAATAATT,BAS_RS27220
NC_005945.1,1289573,1289620,-,1.0,ATTATTCTAAAAATT,cds-BAS_RS06655
NC_005945.1,1334007,1334035,-,1.0,AATATTCAGAAAACA,BAS_RS06925
NC_005945.1,1363822,1363836,+,1.0,AATCTTGAAATAAAA,cysH
NC_005945.1,1455459,1455473,-,1.0,AATTCTAAAAAATAT,BAS_RS07575
NC_005945.1,1583293,1583307,-,1.0,AATTTTCAATAAGAT,fliE
NC_005945.1,1617988,1618002,-,1.0,AATTCTGAAATTTAA,BAS_RS08395
NC_005945.1,1618004,1618027,+,1.0,AAATTTCAGAATTAT,BAS_RS08395
NC_005945.1,1638050,1638064,+,1.0,AATTTTCATAATGAA,BAS_RS08530
NC_005945.1,1739604,1739618,+,1.0,AATATTCTTAATATT,BAS_RS09025
NC_005945.1,1751761,1751775,+,1.0,AATATTCAAAAGAAT,cds-BAS_RS09080
NC_005945.1,1784334,1784348,-,1.0,AATTTTGATTTCATA,BAS_RS09225
NC_005945.1,1796662,1796691,-,1.0,AATTTTCTGAATATT,brnQ
NC_005945.1,1804230,1804244,-,1.0,AATTCTTCAATAAAT,BAS_RS09295
NC_005945.1,1814444,1814458,-,1.0,AATTTTACAATTATT,BAS_RS09345
NC_005945.1,1835505,1835519,+,1.0,AATATTCTTATATTT,BAS_RS09450
NC_005945.1,1853005,1853019,+,1.0,AATATAGAACAAATT,thrB
NC_005945.1,1870762,1870776,-,1.0,AATAATCAAATTCTT,asbE
NC_005945.1,1887956,1887984,-,1.0,AATTTTCAAATAATT,BAS_RS09725
NC_005945.1,1899016,1899031,+,1.0,AAATTTCAGAATTAT,BAS_RS09780
NC_005945.1,1959707,1959721,-,1.0,AAGAATCATAAATTT,BAS_RS10150
NC_005945.1,1988363,1988400,+,1.0,AATATTCAACAATTT,BAS_RS10310
NC_005945.1,1991516,1991530,-,1.0,AATTTTACATTATTT,BAS_RS10325
NC_005945.1,2011633,2011647,-,1.0,AATATTCAAAAGACA,spoVS
NC_005945.1,2014145,2014170,+,1.0,AATACAGAAATAATT,cds-BAS_RS10450
NC_005945.1,2065154,2065168,-,1.0,AATTTTAATAAATCT,BAS_RS10655
NC_005945.1,2076887,2076924,-,1.0,AATATTCTGAAATTA,eutG
NC_005945.1,2077779,2077795,+,1.0,AACATTCAGAAAATA,BAS_RS10715
NC_005945.1,2103672,2103700,-,1.0,AATTTTCTGTATTTT,BAS_RS10860
NC_005945.1,2106524,2106538,+,1.0,AATTTTCTATTGTTT,cds-BAS_RS10885
NC_005945.1,2119072,2119086,+,1.0,AATTTTCTAATTGTT,BAS_RS27970
NC_005945.1,2122195,2122211,+,1.0,AAATTTCTGATAATA,BAS_RS10965
NC_005945.1,2140498,2140538,+,1.0,AATTCTTGAAAAATA,BAS_RS11040
NC_005945.1,2202008,2202022,+,1.0,AATTTTCAAATGAAA,dhbA
NC_005945.1,2230277,2230300,-,1.0,AATTTTCAATACATT,BAS_RS11485
NC_005945.1,2271173,2271207,+,1.0,AATATTCAAAAATCT,BAS_RS11730
NC_005945.1,2283290,2283304,-,1.0,AATTTTCATTAATCT,BAS_RS11790
NC_005945.1,2310532,2310560,-,1.0,AATATTCAGAAAATT,BAS_RS11925
NC_005945.1,2318599,2318627,-,1.0,AATTATCATAAAATT,BAS_RS27845
NC_005945.1,2332712,2332742,-,1.0,AATTGTCAAAAATTT,BAS_RS12025
NC_005945.1,2343032,2343057,+,1.0,AGAATTCAAATAATT,cds-BAS_RS12070
NC_005945.1,2346864,2346895,+,1.0,AATATTCTGAATTAA,BAS_RS12085
NC_005945.1,2348613,2348653,-,1.0,AATAATCTAAAAATT,cds-BAS_RS12100
NC_005945.1,2360481,2360495,+,1.0,AATTTTCAAAAATGA,BAS_RS12145
NC_005945.1,2385575,2385589,+,1.0,AATTTTCATTAAAAT,cds-BAS_RS28105
NC_005945.1,2467242,2467256,+,1.0,AATATTCTTAAATTT,BAS_RS12670
NC_005945.1,2493630,2493669,-,1.0,AATCTTGAATAAATT,cds-BAS_RS27670
NC_005945.1,2499903,2499917,+,1.0,AATCTTCATAAAAAT,BAS_RS12830
NC_005945.1,2561237,2561251,-,1.0,AATAATGAAAATCTT,BAS_RS13125
NC_005945.1,2625229,2625257,-,1.0,AATAAACAGAATATT,BAS_RS13515
NC_005945.1,2652153,2652182,-,1.0,AATTTTCTGTAATTT,BAS_RS13665
NC_005945.1,2661327,2661341,+,1.0,AATTTTAATATCTTT,cds-BAS_RS13710
NC_005945.1,2739940,2739960,-,1.0,AATTCTTCAATTATT,BAS_RS14165
NC_005945.1,2741476,2741490,+,1.0,AATTTTCATAACAAT,BAS_RS14170
NC_005945.1,2765739,2765778,-,1.0,AATTTTCAGATAATT,BAS_RS14285
NC_005945.1,2778211,2778227,-,1.0,AATTCAGAAAAAATA,BAS_RS14355
NC_005945.1,2779968,2779996,-,1.0,ATTATTCAGAAAATT,BAS_RS14370
NC_005945.1,2804109,2804123,-,1.0,AATTTTCTGAATAAA,BAS_RS14470
NC_005945.1,2809214,2809239,+,1.0,AAGAATCAAATAATT,BAS_RS27860
NC_005945.1,2815290,2815304,+,1.0,AATTCTATAATATTT,cds-BAS_RS14540
NC_005945.1,2833851,2833910,-,1.0,AAAATTCAGAAAATA,BAS_RS14645
NC_005945.1,2878003,2878017,+,1.0,AATATTGAAATCAAA,BAS_RS14875
NC_005945.1,2909190,2909204,-,1.0,AGAATTCAAAAAATA,BAS_RS15015
NC_005945.1,2924082,2924096,-,1.0,AATTTTCTATAAAAT,BAS_RS28110
NC_005945.1,2953919,2953933,+,1.0,AATTTTCATAAAATT,BAS_RS15230
NC_005945.1,2956369,2956383,+,1.0,AATTTTCAATAACAT,BAS_RS15235
NC_005945.1,3025442,3025470,-,1.0,AATTTTTACATATTT,BAS_RS15565
NC_005945.1,3039480,3039494,-,1.0,AATTCTATAATATTT,colA
NC_005945.1,3053683,3053711,-,1.0,AATTTTCAGAAAATT,BAS_RS15685
NC_005945.1,3088499,3088527,-,1.0,ATTTTTCTGAATATT,alo
NC_005945.1,3088833,3088872,-,1.0,AATTCTGATATTTTT,BAS_RS15860
NC_005945.1,3099754,3099776,-,1.0,AATAATACAGAAATT,rraA
NC_005945.1,3100472,3100501,-,1.0,AATATTCTGAAATTT,BAS_RS15925
NC_005945.1,3110336,3110386,-,1.0,AATAAACAGAATATT,BAS_RS15970
NC_005945.1,3121232,3121271,-,1.0,AATTATCTCAAAATT,BAS_RS16035
NC_005945.1,3268585,3268614,-,1.0,AATTATTCAGAAATT,BAS_RS16800
NC_005945.1,3352743,3352782,-,1.0,AATTTTCTAAATATT,BAS_RS17180
NC_005945.1,3354667,3354695,-,1.0,AATTATCAGAAAATT,BAS_RS17185
NC_005945.1,3361309,3361323,-,1.0,AATTTTGAAATATCA,BAS_RS17220
NC_005945.1,3378558,3378572,-,1.0,AATATTCTAATTATT,BAS_RS17310
NC_005945.1,3383597,3383611,+,1.0,AATAATAAGAAACTT,acnA
NC_005945.1,3384762,3384787,-,1.0,AATCTTCAAAATATT,BAS_RS17340
NC_005945.1,3386489,3386514,+,1.0,AATTCAGAAATATTT,BAS_RS17360
NC_005945.1,3388398,3388412,+,1.0,AATTTACAAATAAAT,BAS_RS17370
NC_005945.1,3417204,3417226,-,1.0,AATATTCAAATAATT,hutP
NC_005945.1,3450004,3450039,+,1.0,AATCTTCATTAATTT,phnE
NC_005945.1,3451668,3451693,-,1.0,AATAATCAAATTTTT,BAS_RS17680
NC_005945.1,3487679,3487693,+,1.0,AAATTTCATAATTTT,BAS_RS17895
NC_005945.1,3527676,3527699,+,1.0,AATATTCTGAATTTA,BAS_RS18140
NC_005945.1,3676900,3676914,+,1.0,AATTTTGAAAAATCT,rpe
NC_005945.1,3785042,3785056,-,1.0,AATTCTTAAATATTT,BAS_RS19435
NC_005945.1,3801974,3801988,-,1.0,AATTTTCTAATTATT,ctaG
NC_005945.1,3818627,3818641,+,1.0,AATATTCTAAAAAAT,typA
NC_005945.1,3826974,3826988,+,1.0,AATTGTCAAAAAATT,BAS_RS19685
NC_005945.1,3847968,3847996,-,1.0,AAATATCAGAAAAAT,fadH
NC_005945.1,3878082,3878096,+,1.0,AATTTTCAATCTATT,BAS_RS19935
NC_005945.1,3952070,3952109,-,1.0,AATTTTCAGAAATAT,BAS_RS20385
NC_005945.1,4048323,4048348,+,1.0,AATTTCAATAAAATT,BAS_RS20955
NC_005945.1,4078041,4078055,-,1.0,AATATACAAAATTTT,cds-BAS_RS21120
NC_005945.1,4196067,4196095,-,1.0,AATATTCAGAAAAGT,cds-BAS_RS21755
NC_005945.1,4197556,4197587,-,1.0,AATCTTAAAATCATT,BAS_RS21760
NC_005945.1,4304074,4304102,-,1.0,AATTATCAGAAAATT,nikC
NC_005945.1,4329209,4329223,+,1.0,AATTTTCTGTTAATT,BAS_RS22425
NC_005945.1,4356877,4356891,+,1.0,AATATTCTGAATTAA,brnQ6
NC_005945.1,4364312,4364326,+,1.0,AATATACAGATTATT,BAS_RS22585
NC_005945.1,4388164,4388178,+,1.0,AATTCTTCAATAAAT,nrdR
NC_005945.1,4426198,4426226,-,1.0,AATAATCAGAAAATT,BAS_RS22890
NC_005945.1,4502158,4502198,-,1.0,AATTTAACAAATATT,BAS_RS23330
NC_005945.1,4559255,4559270,+,1.0,AATTATACAGAAAAT,BAS_RS23655
NC_005945.1,4610126,4610154,-,1.0,AATAATCACAAATTT,BAS_RS23950
NC_005945.1,4670899,4670913,+,1.0,AATTTTCTAATTTAT,BAS_RS24330
NC_005945.1,4759041,4759055,+,1.0,AATTTTCTGAAATAA,BAS_RS24825
NC_005945.1,4794780,4794794,+,1.0,AATTCTAAAAATATT,BAS_RS25010
NC_005945.1,4805283,4805325,-,1.0,AATTTTCTTATTGTT,BAS_RS25060
NC_005945.1,4841942,4841970,-,1.0,AAAATTCAGAAAATA,BAS_RS25235
NC_005945.1,4867239,4867253,+,1.0,AATTTTGAAATCTTT,rpoN
NC_005945.1,4923826,4923854,-,1.0,ATTTATCTGAAAATT,BAS_RS25680
NC_005945.1,5010352,5010366,-,1.0,AATTTTACAAATTAT,BAS_RS26045
NC_005945.1,5010467,5010481,-,1.0,AATTTTCTAATTGTT,BAS_RS26045
NC_005945.1,5076934,5076948,+,1.0,AATTTTCTGAATTTT,BAS_RS26395
NC_005945.1,5083395,5083409,+,1.0,ATTTTTCATACAATT,plcR
NC_005945.1,5128431,5128445,+,1.0,AATTTTCATCTTAAT,BAS_RS26625
NC_005945.1,5152418,5152446,-,1.0,AATATTCAGAAAATT,cstA
NC_005945.1,5158204,5158218,+,1.0,AATTTTCAAATTTAT,BAS_RS26770
NC_005945.1,5167171,5167185,-,1.0,AATCTTCATAAAAAT,BAS_RS26805
NC_005945.1,46004,46018,+,0.9966666666666667,ATTTATCAAATAATT,rsmA
NC_005945.1,73367,73385,-,0.9966666666666667,AATTCTCAATTAAAT,hslO
NC_005945.1,125503,125517,-,0.9966666666666667,AGTTTTCATTAGATT,rpmC
NC_005945.1,163490,163506,+,0.9966666666666667,AATTATCAAAGAAAT,gntK
NC_005945.1,197205,197219,-,0.9966666666666667,AATTATCAAAGAAAC,BAS_RS01085
NC_005945.1,323997,324011,+,0.9966666666666667,AATAATCCAAAATAT,BAS_RS01725
NC_005945.1,333637,333665,-,0.9966666666666667,AATTTTCTGCATTTT,gabT
NC_005945.1,487369,487397,-,0.9966666666666667,AATTTTTCTATCATT,BAS_RS02580
NC_005945.1,548462,548488,+,0.9966666666666667,AATTTTCTTTGAATT,BAS_RS02955
NC_005945.1,563751,563765,-,0.9966666666666667,ATTATTCAAATAATT,BAS_RS02990
NC_005945.1,569812,569826,-,0.9966666666666667,ATTTTTCAAATTATT,BAS_RS03010
NC_005945.1,618441,618455,-,0.9966666666666667,ATTTATACAAAAATT,BAS_RS03215
NC_005945.1,982713,982727,-,0.9966666666666667,AATTTTGAAAATCAA,BAS_RS05080
NC_005945.1,1063097,1063136,-,0.9966666666666667,AATTCTGCAATTTTT,BAS_RS05495
NC_005945.1,1160796,1160810,-,0.9966666666666667,AATTATCAGAGAAAA,BAS_RS05980
NC_005945.1,1213197,1213211,-,0.9966666666666667,AATCTTGAAAAAAAT,BAS_RS06265
NC_005945.1,1316043,1316067,-,0.9966666666666667,AATATTCTTATTTTT,BAS_RS06820
NC_005945.1,1424018,1424048,-,0.9966666666666667,TATTTTGAAAATCTT,BAS_RS07395
NC_005945.1,1519113,1519137,+,0.9966666666666667,ATTTTTCAAATTATT,BAS_RS07935
NC_005945.1,1707648,1707662,-,0.9966666666666667,AATATTCTCATTTTT,BAS_RS08870
NC_005945.1,1715314,1715329,-,0.9966666666666667,AATTTTCTATATTTT,cds-BAS_RS08900
NC_005945.1,1814467,1814483,+,0.9966666666666667,AAAATTCAGAAATAT,BAS_RS09345
NC_005945.1,1954659,1954689,-,0.9966666666666667,AATTTTCTAAATGTT,BAS_RS10100
NC_005945.1,2083211,2083225,+,0.9966666666666667,ATTGTTCTAAAAATT,BAS_RS10760
NC_005945.1,2109568,2109582,+,0.9966666666666667,AAATTTCTTAATGTT,BAS_RS10905
NC_005945.1,2150761,2150775,-,0.9966666666666667,AAATCTCAAAAATAT,BAS_RS11100
NC_005945.1,2168151,2168173,+,0.9966666666666667,AATTAACAAATTATT,BAS_RS11215
NC_005945.1,2244284,2244309,+,0.9966666666666667,ATTCTTGAAATAATT,BAS_RS11565
NC_005945.1,2294813,2294827,-,0.9966666666666667,AATCATACAAAAATT,BAS_RS11845
NC_005945.1,2404982,2404996,-,0.9966666666666667,AATTTTGTAAAATAA,BAS_RS12370
NC_005945.1,2481846,2481860,-,0.9966666666666667,AATTTCAAAAAAATT,BAS_RS12735
NC_005945.1,2525093,2525121,-,0.9966666666666667,AATTATCGATAAATT,BAS_RS12985
NC_005945.1,2647125,2647140,+,0.9966666666666667,AATTTTTCACAATAT,cds-BAS_RS13635
NC_005945.1,2675325,2675339,-,0.9966666666666667,AATAATCCAAAATAT,BAS_RS13800
NC_005945.1,2777607,2777621,+,0.9966666666666667,AATTCTCTTAATTGT,BAS_RS14345
NC_005945.1,2778236,2778276,+,0.9966666666666667,AATTTTAAATACATT,BAS_RS14355
NC_005945.1,2933945,2933970,+,0.9966666666666667,AATTCTATTATAATT,cds-BAS_RS27695
NC_005945.1,2936711,2936740,-,0.9966666666666667,AATTTTCTTGAATTT,BAS_RS15135
NC_005945.1,2940958,2940972,+,0.9966666666666667,AATGTTCTTCTAATT,BAS_RS15160
NC_005945.1,2995042,2995056,-,0.9966666666666667,AATTTTGAAATTCTT,BAS_RS15415
NC_005945.1,3108177,3108191,-,0.9966666666666667,AATTATCAATATTTT,ybaK
NC_005945.1,3179553,3179567,-,0.9966666666666667,AATTATCAAACAAAT,BAS_RS16315
NC_005945.1,3179697,3179711,-,0.9966666666666667,GATTATCAAAAAAAT,cds-BAS_RS16320
NC_005945.1,3213659,3213696,-,0.9966666666666667,AATATTCAAAAAATT,BAS_RS16505
NC_005945.1,3257796,3257810,-,0.9966666666666667,AATCTTGCAAAAAAT,cds-BAS_RS16750
NC_005945.1,3352676,3352704,-,0.9966666666666667,AATTTTCTGATAACT,BAS_RS17180
NC_005945.1,3361287,3361301,-,0.9966666666666667,AATATTTCAAAAAAT,BAS_RS17220
NC_005945.1,3446591,3446624,-,0.9966666666666667,AATATACAGATAATT,tkt
NC_005945.1,3614394,3614408,+,0.9966666666666667,AATTTTCATATTTTG,dapG
NC_005945.1,3697107,3697135,-,0.9966666666666667,ATTTTTCTAAGAATT,BAS_RS18930
NC_005945.1,3765570,3765584,+,0.9966666666666667,AATTATCATCTTTTT,BAS_RS19260
NC_005945.1,3775762,3775776,+,0.9966666666666667,AATTTTGTAATAAAA,BAS_RS19340
NC_005945.1,3786421,3786435,+,0.9966666666666667,AAATATCAAAAATTT,BAS_RS19450
NC_005945.1,3822017,3822031,+,0.9966666666666667,AATTTTCTGATTTTT,BAS_RS19640
NC_005945.1,3893398,3893412,+,0.9966666666666667,AGTTATCTTAAAAAT,BAS_RS20035
NC_005945.1,3910147,3910161,+,0.9966666666666667,AATATTCATTTAATT,nagB
NC_005945.1,3924842,3924877,+,0.9966666666666667,AATTATCAATAAATT,sigF
NC_005945.1,4030407,4030421,+,0.9966666666666667,AATATTCTTATTTTT,BAS_RS20820
NC_005945.1,4261252,4261267,+,0.9966666666666667,AATTTTTCTCATATT,BAS_RS22080
NC_005945.1,4270508,4270522,+,0.9966666666666667,AATTTTCTCATTATT,hemL
NC_005945.1,4332506,4332520,+,0.9966666666666667,AATATTCTGACTTTT,BAS_RS22440
NC_005945.1,4572506,4572520,-,0.9966666666666667,AATACTCTGATTTTT,cds-BAS_RS23725
NC_005945.1,4686641,4686655,+,0.9966666666666667,AATTATCAATATTTT,BAS_RS24405
NC_005945.1,4956714,4956728,-,0.9966666666666667,AATTTTCAAAAAAAT,BAS_RS25820
NC_005945.1,4986797,4986825,-,0.9966666666666667,ATTTTTCAGAAAGTT,BAS_RS25950
NC_005945.1,5170765,5170779,+,0.9966666666666667,AATGTTCTTTAAATT,BAS_RS26820
NC_005945.1,6402,6416,-,0.9933333333333333,AAATTTCAAATGTTT,gyrB
NC_005945.1,18454,18468,+,0.9933333333333333,AGTATTCTTAATTTT,pdxS
NC_005945.1,34224,34252,-,0.9933333333333333,AATTTACAGAAAAAT,BAS_RS00175
NC_005945.1,48978,48992,-,0.9933333333333333,AATATTCTAAACAAA,ispE
NC_005945.1,177312,177352,+,0.9933333333333333,AATCTTACAAAAAGA,BAS_RS00990
NC_005945.1,221020,221034,+,0.9933333333333333,AATGTTCTTCTATTT,BAS_RS01225
NC_005945.1,352184,352223,-,0.9933333333333333,AATTCTAAAAATACA,nhaC
NC_005945.1,508835,508865,-,0.9933333333333333,AATTTTCAGAAATAA,BAS_RS02690
NC_005945.1,555639,555653,-,0.9933333333333333,AATTTTCAAAATAGA,BAS_RS02970
NC_005945.1,613535,613549,-,0.9933333333333333,AATATACTAAAAATT,nprX
NC_005945.1,655675,655703,-,0.9933333333333333,AATATTCAGAATATA,BAS_RS03380
NC_005945.1,775163,775177,-,0.9933333333333333,AATTTTCTTATATGA,scrK
NC_005945.1,855417,855431,+,0.9933333333333333,AATAATCAGATTATA,racE
NC_005945.1,896370,896384,+,0.9933333333333333,AATATTCTGATTTTA,sap
NC_005945.1,977813,977837,-,0.9933333333333333,AATTATCCATATTTT,BAS_RS05060
NC_005945.1,986618,986632,-,0.9933333333333333,AATTTTCTTCAAATA,sigB
NC_005945.1,1100551,1100565,-,0.9933333333333333,AATTGTAAAAAATTA,BAS_RS05680
NC_005945.1,1153135,1153174,-,0.9933333333333333,AATTTTCAAAAAATT,BAS_RS05950
NC_005945.1,1182419,1182433,+,0.9933333333333333,ACTTTTTCAATAATA,bclA
NC_005945.1,1209523,1209537,+,0.9933333333333333,AATATACAGAAAATA,BAS_RS06250
NC_005945.1,1272720,1272742,-,0.9933333333333333,AATATTCTGAATAAA,phaR
NC_005945.1,1294845,1294874,-,0.9933333333333333,AATTCTTCAATATTT,BAS_RS06685
NC_005945.1,1414366,1414380,-,0.9933333333333333,AATTTTCTTTAAATA,resA
NC_005945.1,1631457,1631471,-,0.9933333333333333,ATTTTTCTAAAAATA,BAS_RS08490
NC_005945.1,1673176,1673190,-,0.9933333333333333,AGTTATCAAGAAATT,cds-BAS_RS08715
NC_005945.1,1706151,1706165,+,0.9933333333333333,AATATACTAAAAATT,BAS_RS08870
NC_005945.1,1798879,1798893,-,0.9933333333333333,TATTTTCATAACTTT,BAS_RS09275
NC_005945.1,1858043,1858080,-,0.9933333333333333,AATTTTTCTACAATA,BAS_RS09560
NC_005945.1,1933894,1933917,+,0.9933333333333333,AATATTCAAAAAAAT,brnQ4
NC_005945.1,2052852,2052866,+,0.9933333333333333,AATTTACTAGAAATT,BAS_RS10600
NC_005945.1,2115341,2115355,-,0.9933333333333333,ATTTTTCAGAAAAAC,BAS_RS10930
NC_005945.1,2191023,2191037,-,0.9933333333333333,AATATTCTAAAAATA,BAS_RS11335
NC_005945.1,2241923,2241937,-,0.9933333333333333,AATTTTAAAATGTTA,BAS_RS11550
NC_005945.1,2249304,2249330,+,0.9933333333333333,AGTAATCTAAAAAAT,BAS_RS11590
NC_005945.1,2286832,2286846,-,0.9933333333333333,AATTTTCAAGAAATA,BAS_RS11810
NC_005945.1,2362328,2362342,-,0.9933333333333333,AATTTTGTTAATTTA,BAS_RS12160
NC_005945.1,2365652,2365666,+,0.9933333333333333,AATAATCAAAAAATT,BAS_RS12175
NC_005945.1,2369149,2369163,+,0.9933333333333333,ATTTATCATAAAATT,BAS_RS12200
NC_005945.1,2527381,2527395,+,0.9933333333333333,AGTATTCTTAATTTT,BAS_RS13005
NC_005945.1,2567932,2567960,-,0.9933333333333333,AAATATCTGAAAATA,BAS_RS13165
NC_005945.1,2593595,2593609,+,0.9933333333333333,ATTTTTCAAAATATG,BAS_RS13325
NC_005945.1,2765678,2765692,+,0.9933333333333333,AATTTTCTAAAAATA,BAS_RS14280
NC_005945.1,2777686,2777700,+,0.9933333333333333,AATTTCAATATAATT,BAS_RS14350
NC_005945.1,2785063,2785077,-,0.9933333333333333,AATAAGACAAAATTC,BAS_RS14390
NC_005945.1,2809049,2809063,+,0.9933333333333333,AAGATTACTAAATTT,BAS_RS14500
NC_005945.1,2884665,2884679,+,0.9933333333333333,AATAATTCAATAATT,ansA
NC_005945.1,2901004,2901018,+,0.9933333333333333,AAGATTCAAAATAAT,cds-BAS_RS14975
NC_005945.1,2914351,2914365,-,0.9933333333333333,AATTATCTATAATTT,ycaC
NC_005945.1,2914399,2914413,+,0.9933333333333333,ATTTTTCAAATACTA,ycaC
NC_005945.1,2923975,2923989,+,0.9933333333333333,AATTTTCAAAAAATT,BAS_RS15075
NC_005945.1,2933825,2933839,+,0.9933333333333333,ATTTTTCTAGAAATT,cds-BAS_RS27695
NC_005945.1,2985206,2985234,-,0.9933333333333333,AATATTCTGAAAAAA,cds-BAS_RS15365
NC_005945.1,2998226,2998240,+,0.9933333333333333,AGTATTGAAAATAAA,BAS_RS15435
NC_005945.1,3020625,3020639,-,0.9933333333333333,GATTTTCAAAATAAT,cds-BAS_RS15550
NC_005945.1,3030479,3030493,+,0.9933333333333333,AATTATTCAAAATGA,BAS_RS15590
NC_005945.1,3054248,3054262,+,0.9933333333333333,AATTAAGAAAACATT,BAS_RS15685
NC_005945.1,3073978,3073992,+,0.9933333333333333,AATTTTCATTACTTA,BAS_RS15775
NC_005945.1,3181989,3182003,-,0.9933333333333333,ATTTATCAAAAAATG,BAS_RS16335
NC_005945.1,3190259,3190273,+,0.9933333333333333,AATATAACAAAAATT,BAS_RS16385
NC_005945.1,3193619,3193633,-,0.9933333333333333,AATATTCAGATATTA,BAS_RS16405
NC_005945.1,3214250,3214273,+,0.9933333333333333,GATTTTCAAATTTTT,BAS_RS16510
NC_005945.1,3231431,3231445,+,0.9933333333333333,AAATCTCAGAAATAA,BAS_RS16610
NC_005945.1,3359111,3359125,-,0.9933333333333333,AATATTCAAAAAAAT,cds-BAS_RS27880
NC_005945.1,3386592,3386606,+,0.9933333333333333,AATTCTAAAAATAGT,BAS_RS17360
NC_005945.1,3407053,3407081,-,0.9933333333333333,TATTTTCTGAATATT,BAS_RS17475
NC_005945.1,3475895,3475909,-,0.9933333333333333,AATTATAGAAAAACA,BAS_RS17820
NC_005945.1,3542589,3542603,-,0.9933333333333333,AATTTTTCTAATACA,alkA
NC_005945.1,3546285,3546301,+,0.9933333333333333,AACATTCTAAAAATA,BAS_RS18245
NC_005945.1,3575818,3575832,+,0.9933333333333333,AATTTTTCTATAATT,mutL
NC_005945.1,3778846,3778860,-,0.9933333333333333,GATTTTCAATATTTT,BAS_RS19370
NC_005945.1,3883651,3883665,+,0.9933333333333333,AACTTTCATATTTTA,BAS_RS19975
NC_005945.1,3895496,3895510,+,0.9933333333333333,AATTATGAAACAACT,mtnX
NC_005945.1,3896838,3896852,-,0.9933333333333333,AATTTTCAGAAAAAA,BAS_RS20060
NC_005945.1,3940811,3940825,+,0.9933333333333333,AATCTTCTTGTATTT,BAS_RS20315
NC_005945.1,3979575,3979589,+,0.9933333333333333,TATTTTCAGATAAAA,proI
NC_005945.1,4048414,4048443,-,0.9933333333333333,AATGTTAAAAAATTA,gcvPB
NC_005945.1,4108470,4108498,-,0.9933333333333333,AATTATCGAAATAAT,cccA
NC_005945.1,4204738,4204752,+,0.9933333333333333,AATATTCAAGAAGTT,BAS_RS21805
NC_005945.1,4324150,4324165,+,0.9933333333333333,AATTATTCGAAATAT,sdhC
NC_005945.1,4385537,4385551,+,0.9933333333333333,AATTTTCAATAAGAA,dnaI
NC_005945.1,4445577,4445596,+,0.9933333333333333,ATTTTTCTAAAAATA,BAS_RS23020
NC_005945.1,4473671,4473685,+,0.9933333333333333,ATTTTTCAGAATTTA,BAS_RS23170
NC_005945.1,4489646,4489674,-,0.9933333333333333,AATCTAGTTAAAATT,BAS_RS23260
NC_005945.1,4581683,4581697,-,0.9933333333333333,AATTTTCTCAATAAA,BAS_RS23790
NC_005945.1,4582933,4582947,-,0.9933333333333333,AATTTGAAAAAATTC,BAS_RS23795
NC_005945.1,4632070,4632126,-,0.9933333333333333,AAATTTGTCAAAATT,menH
NC_005945.1,4721249,4721264,-,0.9933333333333333,AATTTGCAAATTTTT,BAS_RS24600
NC_005945.1,4744734,4744767,+,0.9933333333333333,AATATCCAAATAAAT,BAS_RS27780
NC_005945.1,4745744,4745781,-,0.9933333333333333,AAGATTCAAAAACTA,cds-BAS_RS24755
NC_005945.1,4761234,4761248,-,0.9933333333333333,AATTATCTAAATAAT,BAS_RS24835
NC_005945.1,4785639,4785653,+,0.9933333333333333,AATTACAGAAAAATC,BAS_RS24965
NC_005945.1,4850445,4850459,-,0.9933333333333333,AATATTCAAAAACTA,BAS_RS25300
NC_005945.1,5083435,5083463,-,0.9933333333333333,AAGTTTTCTATAATT,plcR
NC_005945.1,5187187,5187201,+,0.9933333333333333,ATTTTTCAAAAAATT,sodA
NC_005945.1,5218795,5218819,-,0.9933333333333333,AATTTTCAAAATATG,yyaC
NC_005945.1,3440,3454,-,0.99,AATTTTTCATAATTG,recF
NC_005945.1,328409,328423,+,0.99,AATTTAGAAACAATT,gatB
NC_005945.1,330008,330022,+,0.99,AATAATGATAAATCT,gatB
NC_005945.1,345790,345819,-,0.99,ATTTTTCAAATATTC,BAS_RS01825
NC_005945.1,412422,412450,-,0.99,AACTATGAAACAATT,BAS_RS02135
NC_005945.1,438231,438259,-,0.99,AACTTTCTAAAGATT,BAS_RS02250
NC_005945.1,561470,561484,-,0.99,AATTTTCAGTTATTT,BAS_RS02985
NC_005945.1,833835,833849,+,0.99,AAATTTCATAAAATA,BAS_RS04365
NC_005945.1,856299,856327,-,0.99,AATCTACAGAAATTT,racE
NC_005945.1,859662,859676,-,0.99,AATACTGAAAACAAT,BAS_RS04505
NC_005945.1,884267,884281,+,0.99,TATATTCGAAAAATC,BAS_RS04605
NC_005945.1,987352,987366,+,0.99,AATTTTCATTTTATA,BAS_RS05130
NC_005945.1,1041690,1041704,-,0.99,AATTTTAGACTATTT,cds-BAS_RS28070
NC_005945.1,1046018,1046047,-,0.99,ATTTTTGTAAAATTA,BAS_RS05425
NC_005945.1,1067140,1067154,-,0.99,AATATTCAAACTATC,BAS_RS05520
NC_005945.1,1103638,1103653,+,0.99,AATTTAGACAAAAAT,BAS_RS05695
NC_005945.1,1286906,1286920,+,0.99,ATTTTGCAAAAAATT,cds-BAS_RS06650
NC_005945.1,1399378,1399408,-,0.99,AATTATGAACACTTT,BAS_RS07275
NC_005945.1,1414440,1414468,-,0.99,AATACTCAGAATTTT,resA
NC_005945.1,1446942,1446959,-,0.99,AATTTACAACAATAT,spoIVA
NC_005945.1,1457979,1457998,-,0.99,AATAATAAGAACTTT,BAS_RS07585
NC_005945.1,1508191,1508205,-,0.99,AATTACACAAATATT,BAS_RS07870
NC_005945.1,1547518,1547546,-,0.99,AATATTCAGAAACTT,BAS_RS08030
NC_005945.1,1559034,1559048,+,0.99,TATATTCGAAAAATC,BAS_RS08080
NC_005945.1,1576328,1576342,+,0.99,AATATTCATAGATTT,cds-BAS_RS08180
NC_005945.1,1653668,1653696,-,0.99,AATTTTCATATTATT,nhaC
NC_005945.1,1700837,1700851,+,0.99,AATTTTCAGAACTAT,BAS_RS08845
NC_005945.1,1715421,1715435,-,0.99,ACTTTTGAAACATTT,BAS_RS08905
NC_005945.1,1906718,1906746,-,0.99,AATTTTCAGATTACT,cds-BAS_RS27605
NC_005945.1,1926100,1926128,-,0.99,AATATTAACAACATT,BAS_RS09930
NC_005945.1,1939589,1939603,-,0.99,GATTTTCATATAAAT,BAS_RS10020
NC_005945.1,1980054,1980068,+,0.99,AATATTCAGATTATT,BAS_RS10275
NC_005945.1,1993615,1993629,+,0.99,AGATTACAAAAAATT,BAS_RS10335
NC_005945.1,2091541,2091563,-,0.99,AAATATCAAGAATTT,pbpC
NC_005945.1,2141019,2141033,-,0.99,AAAATTCAGAACTTA,BAS_RS11045
NC_005945.1,2177299,2177337,-,0.99,AATTTTAGAATACTT,BAS_RS11290
NC_005945.1,2232995,2233009,-,0.99,AATATTCAGAAATAA,BAS_RS11495
NC_005945.1,2250899,2250913,-,0.99,ATTTTTGTAAAATTA,BAS_RS11600
NC_005945.1,2332983,2332997,+,0.99,AGTATTCAAAAAAAT,iolG
NC_005945.1,2347267,2347281,+,0.99,AATTGTAAGAAATAA,BAS_RS12090
NC_005945.1,2504666,2504689,+,0.99,ACATTTCATAAATTT,BAS_RS12855
NC_005945.1,2573288,2573302,-,0.99,GATATTCAAATTATT,BAS_RS27305
NC_005945.1,2649940,2649954,-,0.99,AATTTTCATTATTTA,BAS_RS13660
NC_005945.1,2687196,2687210,+,0.99,AATTATCCATTAATT,BAS_RS27315
NC_005945.1,2756908,2756922,-,0.99,AATTCTAAAAATATA,BAS_RS14245
NC_005945.1,2986141,2986155,-,0.99,AATTTGTAAAAAATA,BAS_RS15375
NC_005945.1,3049516,3049537,+,0.99,AATAATGAAAAGTTA,hypF
NC_005945.1,3052887,3052916,-,0.99,AATTAACTAAAGATT,hypE
NC_005945.1,3053599,3053613,+,0.99,AATTAACTAAGAATT,BAS_RS15680
NC_005945.1,3083420,3083435,-,0.99,AATAAGCAAAAATAT,BAS_RS15820
NC_005945.1,3195315,3195329,+,0.99,AATTTACTAAAGATT,BAS_RS16410
NC_005945.1,3248495,3248523,-,0.99,AATTCTATGAAACTT,BAS_RS16705
NC_005945.1,3272836,3272850,+,0.99,AATTTTACAAAGAAT,BAS_RS16825
NC_005945.1,3318847,3318861,+,0.99,AATTTTCAGTATTTG,dhaS
NC_005945.1,3495030,3495044,+,0.99,ACTATTCATAAAATC,BAS_RS17925
NC_005945.1,3548799,3548813,-,0.99,AATTTCAATAAAATC,BAS_RS18260
NC_005945.1,3587888,3587939,-,0.99,AAATTACAGAAATTT,BAS_RS18425
NC_005945.1,4006213,4006241,-,0.99,CCTTTTCAGATTATT,BAS_RS20680
NC_005945.1,4163730,4163758,-,0.99,AATATTCCAAAAAGT,BAS_RS21595
NC_005945.1,4195919,4195933,-,0.99,AATTCTATTATATTT,cds-BAS_RS21755
NC_005945.1,4286466,4286480,+,0.99,AATTTCTCTATAATC,BAS_RS22185
NC_005945.1,4353882,4353896,-,0.99,AATATTCCAATTATT,BAS_RS22540
NC_005945.1,4379729,4379743,+,0.99,AATATTCAAAAATTA,BAS_RS22670
NC_005945.1,4402088,4402102,+,0.99,AATATTCTAATCATT,citZ
NC_005945.1,4409819,4409856,+,0.99,AATTTTCATATATTT,accA
NC_005945.1,4425109,4425123,+,0.99,AATTTTCTAAAATAG,BAS_RS22885
NC_005945.1,4442533,4442569,+,0.99,AGATTTCAAAAAAAT,BAS_RS23005
NC_005945.1,4466467,4466481,-,0.99,AATTTGTCTAAAAAT,acsA
NC_005945.1,4603028,4603057,-,0.99,TATATTCGAAAAATC,BAS_RS23920
NC_005945.1,4620769,4620797,-,0.99,AACTTTGAAACAATT,BAS_RS23990
NC_005945.1,4694240,4694254,+,0.99,AATTTATCAAAAATA,BAS_RS24415
NC_005945.1,4737282,4737312,-,0.99,AATTTTTAAAATGTA,sufC
NC_005945.1,4948482,4948496,-,0.99,AATATTCTAAATAGA,BAS_RS27465
NC_005945.1,5038663,5038687,+,0.99,ATTTTTGTAAAATTA,atpC
NC_005945.1,5051671,5051708,-,0.99,AATTTTACAAATTAG,BAS_RS26275
NC_005945.1,5097136,5097165,-,0.99,AATTTTTCAATATTC,BAS_RS26460
NC_005945.1,5125602,5125616,-,0.99,AATTTTACAAGAAAT,BAS_RS26610
NC_005945.1,15355,15383,-,0.9866666666666667,AATTTTTAGACAATA,cds-BAS_RS00060
NC_005945.1,28618,28632,+,0.9866666666666667,AATTCTACAATTATT,BAS_RS00145
NC_005945.1,166881,166918,-,0.9866666666666667,AAAATTCAGATAAAT,BAS_RS00940
NC_005945.1,170365,170379,+,0.9866666666666667,AATTAAGCAATAAAT,BAS_RS00955
NC_005945.1,185491,185505,+,0.9866666666666667,ATTTTTCTAAATATA,BAS_RS01025
NC_005945.1,346699,346713,+,0.9866666666666667,AATTTTCATATAACT,BAS_RS01835
NC_005945.1,356571,356585,+,0.9866666666666667,AATTATCATATAGAA,ahpC
NC_005945.1,366785,366799,-,0.9866666666666667,CATTTTCAAAAAAAT,BAS_RS01935
NC_005945.1,413681,413709,-,0.9866666666666667,ACTTTTCTGAAAATA,BAS_RS02140
NC_005945.1,417798,417837,-,0.9866666666666667,AACATTCATATAATT,BAS_RS02155
NC_005945.1,627084,627104,-,0.9866666666666667,AATATTCAAATTTTA,BAS_RS03250
NC_005945.1,662896,662924,-,0.9866666666666667,AACTTTCATATAATT,BAS_RS03420
NC_005945.1,687765,687779,-,0.9866666666666667,AATTTTCAATTTATA,rbsB
NC_005945.1,688652,688666,-,0.9866666666666667,AATTCTATAAACATT,inhA2
NC_005945.1,688721,688749,-,0.9866666666666667,AAAATTCAGATAAAT,inhA2
NC_005945.1,725646,725660,-,0.9866666666666667,AATATCCAAAATAAT,BAS_RS03720
NC_005945.1,777911,777925,+,0.9866666666666667,CATATTCATAAAAAT,BAS_RS04055
NC_005945.1,831150,831164,-,0.9866666666666667,AATATTCTGAATTAT,BAS_RS04350
NC_005945.1,932452,932480,-,0.9866666666666667,AATTGTCATAATATT,BAS_RS04815
NC_005945.1,932553,932567,-,0.9866666666666667,AATATTCAAAACTAT,BAS_RS04820
NC_005945.1,942425,942439,+,0.9866666666666667,AATTTTCAAATATTA,BAS_RS04845
NC_005945.1,964458,964472,-,0.9866666666666667,AAGATTTCAAAAATA,BAS_RS04985
NC_005945.1,968073,968087,+,0.9866666666666667,AGATTTCAAATATAT,dhaK
NC_005945.1,985111,985125,-,0.9866666666666667,AGTTTTAAACATATT,rsbV
NC_005945.1,993519,993533,+,0.9866666666666667,AATCTACAAAATATT,BAS_RS05150
NC_005945.1,1071175,1071189,-,0.9866666666666667,ATTTTTCAGATATAT,BAS_RS05545
NC_005945.1,1132209,1132223,+,0.9866666666666667,AATATTCTTACAATT,BAS_RS05840
NC_005945.1,1144683,1144698,-,0.9866666666666667,AATCTACAAATATTT,BAS_RS05905
NC_005945.1,1298746,1298774,-,0.9866666666666667,AAATTTCTGATTTTT,kinB
NC_005945.1,1299671,1299686,+,0.9866666666666667,AAATTTGCAAAAAAT,queC
NC_005945.1,1303437,1303461,-,0.9866666666666667,ATTTTTCAAAAGATA,BAS_RS06740
NC_005945.1,1305930,1305944,-,0.9866666666666667,AATTATCAAATAAAT,BAS_RS06760
NC_005945.1,1306631,1306645,+,0.9866666666666667,AATTATCAATACTTT,BAS_RS06760
NC_005945.1,1420700,1420728,-,0.9866666666666667,AATAATCAGATAATC,BAS_RS07370
NC_005945.1,1447581,1447595,+,0.9866666666666667,AATTTAGAACAAATT,folE
NC_005945.1,1457393,1457415,+,0.9866666666666667,AATTTTACAAATTTC,BAS_RS07580
NC_005945.1,1547920,1547943,+,0.9866666666666667,AATTCTACAAAATAT,BAS_RS08030
NC_005945.1,1552775,1552789,+,0.9866666666666667,ATTTTACAAAAAATC,BAS_RS08050
NC_005945.1,1565607,1565621,+,0.9866666666666667,AATTTTACAAGTAAT,BAS_RS08125
NC_005945.1,1581346,1581360,-,0.9866666666666667,AATTCTTCAAAAATA,fliS
NC_005945.1,1634415,1634443,-,0.9866666666666667,GATTTTTCTAATATT,cds-BAS_RS08500
NC_005945.1,1698319,1698333,-,0.9866666666666667,AATAATCTACAATTT,BAS_RS08830
NC_005945.1,1725281,1725295,+,0.9866666666666667,AATTTTATAAAATCA,BAS_RS08950
NC_005945.1,1753802,1753816,-,0.9866666666666667,AATACTCAAATAATT,BAS_RS09085
NC_005945.1,1784282,1784296,-,0.9866666666666667,AATTATCTAATCAAT,BAS_RS09225
NC_005945.1,1792912,1792926,-,0.9866666666666667,AATTATCATATTTTT,topB
NC_005945.1,1804829,1804843,-,0.9866666666666667,AATGTTAAAAAAATA,BAS_RS09300
NC_005945.1,1880026,1880040,-,0.9866666666666667,AGGTTTCAAAAAAAT,cds-BAS_RS09685
NC_005945.1,1913270,1913284,-,0.9866666666666667,AATAGACAAAATTTT,BAS_RS09865
NC_005945.1,1946707,1946735,-,0.9866666666666667,AATTTTCGGAATTTT,BAS_RS10060
NC_005945.1,1950674,1950688,+,0.9866666666666667,AATTATCAAAATAAT,BAS_RS10080
NC_005945.1,1997271,1997285,+,0.9866666666666667,AATAATCCATAATTT,BAS_RS10360
NC_005945.1,2009522,2009536,-,0.9866666666666667,AATCTTGAAAAAACT,BAS_RS10420
NC_005945.1,2127200,2127214,+,0.9866666666666667,AATTTACAAGAAATA,BAS_RS10985
NC_005945.1,2164815,2164829,-,0.9866666666666667,AAATTTCATAAAAAC,BAS_RS11195
NC_005945.1,2169698,2169712,-,0.9866666666666667,AAGTTTTCAATATTT,BAS_RS11235
NC_005945.1,2198219,2198233,+,0.9866666666666667,AATTTTACTATTATT,BAS_RS11365
NC_005945.1,2237191,2237205,-,0.9866666666666667,AAATTTCAAAATAGT,BAS_RS11525
NC_005945.1,2250914,2250928,+,0.9866666666666667,AATTTTACAAAAATC,BAS_RS11600
NC_005945.1,2266550,2266578,-,0.9866666666666667,AATATTTCTACAATT,BAS_RS11710
NC_005945.1,2274806,2274820,+,0.9866666666666667,AATTTACATAAAGAA,BAS_RS11750
NC_005945.1,2307236,2307250,-,0.9866666666666667,AATTTTTCAAACATA,BAS_RS11910
NC_005945.1,2340873,2340899,+,0.9866666666666667,CATAATCAGAAAAAT,BAS_RS12055
NC_005945.1,2370278,2370292,-,0.9866666666666667,AATTTTAAAACAGAT,BAS_RS12200
NC_005945.1,2397345,2397359,+,0.9866666666666667,AATTTAACAGAAATA,BAS_RS12335
NC_005945.1,2397365,2397379,-,0.9866666666666667,AATTTAACAGAAATA,BAS_RS12335
NC_005945.1,2494120,2494148,-,0.9866666666666667,AACTTTCATATAATT,cds-BAS_RS12795
NC_005945.1,2499712,2499726,+,0.9866666666666667,AATATTCTTTAATTT,BAS_RS12830
NC_005945.1,2554730,2554744,+,0.9866666666666667,AATTATCATAAACTT,BAS_RS13085
NC_005945.1,2558589,2558603,+,0.9866666666666667,ATTTCTCGAATATTT,BAS_RS13110
NC_005945.1,2591346,2591360,+,0.9866666666666667,AATTCTTTAAAATTC,BAS_RS13315
NC_005945.1,2644607,2644621,-,0.9866666666666667,AATATTCATTACTTC,BAS_RS13620
NC_005945.1,2670024,2670052,-,0.9866666666666667,AATTATCAAAAAGTT,BAS_RS13765
NC_005945.1,2696033,2696047,+,0.9866666666666667,AATTTTCATATACAT,BAS_RS13940
NC_005945.1,2801218,2801232,+,0.9866666666666667,AATTTACAGTTAATT,cds-BAS_RS14460
NC_005945.1,2811579,2811618,-,0.9866666666666667,AATTTTCTGTTGATT,BAS_RS14520
NC_005945.1,2829653,2829669,-,0.9866666666666667,AATTTTTCAAATATA,BAS_RS14625
NC_005945.1,2859979,2860007,-,0.9866666666666667,AATTTTAAGTACATT,BAS_RS14785
NC_005945.1,2965170,2965197,-,0.9866666666666667,AATTTTCATCAATAT,BAS_RS15285
NC_005945.1,3027871,3027898,+,0.9866666666666667,AATTTTCAAATATAA,BAS_RS15580
NC_005945.1,3043543,3043557,+,0.9866666666666667,AAGTTTCCATTTATT,BAS_RS15640
NC_005945.1,3092373,3092387,+,0.9866666666666667,AATATTCACTTAATT,BAS_RS15885
NC_005945.1,3114737,3114751,+,0.9866666666666667,AATCTTCATAATAAT,BAS_RS15995
NC_005945.1,3182138,3182167,-,0.9866666666666667,AATATTGAAATCTTA,cds-BAS_RS16340
NC_005945.1,3275593,3275607,+,0.9866666666666667,AATACTCAGAAAAAT,BAS_RS16835
NC_005945.1,3354757,3354796,-,0.9866666666666667,AATTTTCAATAATAA,BAS_RS17185
NC_005945.1,3361355,3361384,-,0.9866666666666667,AATATTTCAAAAAGT,BAS_RS17225
NC_005945.1,3400401,3400415,+,0.9866666666666667,AATCTTGAAATAATA,BAS_RS17445
NC_005945.1,3408977,3408991,-,0.9866666666666667,AATTTTCATCAATTA,BAS_RS17480
NC_005945.1,3419494,3419508,+,0.9866666666666667,AATCTTGAAAACTAT,BAS_RS17525
NC_005945.1,3432945,3432959,+,0.9866666666666667,AATTTTACTATTATT,BAS_RS17590
NC_005945.1,3514160,3514199,-,0.9866666666666667,ACTTTTCTGAAAATA,BAS_RS18075
NC_005945.1,3531070,3531084,+,0.9866666666666667,AATATTACAAATTCT,BAS_RS18155
NC_005945.1,3726882,3726896,+,0.9866666666666667,TATCTTGAAATAATT,divIB
NC_005945.1,3891220,3891251,-,0.9866666666666667,AATTATACAACTCTT,BAS_RS20030
NC_005945.1,3915553,3915567,-,0.9866666666666667,AATTTTAACAAATTA,BAS_RS27765
NC_005945.1,3927893,3927922,-,0.9866666666666667,AATGTTAGAAAAATA,dacF
NC_005945.1,4010499,4010513,+,0.9866666666666667,AATTTTTCAATAGAA,spoIVB
NC_005945.1,4056071,4056085,+,0.9866666666666667,AATTTTCAGAAATTA,BAS_RS20995
NC_005945.1,4204494,4204508,-,0.9866666666666667,AAATTTCTTATAATA,cymR
NC_005945.1,4227398,4227412,+,0.9866666666666667,AATTTTTCAATAATA,BAS_RS21895
NC_005945.1,4232296,4232324,-,0.9866666666666667,AATTTACATACAATT,BAS_RS21935
NC_005945.1,4242895,4242910,-,0.9866666666666667,AATATTCAAAATTTA,BAS_RS21985
NC_005945.1,4249494,4249508,-,0.9866666666666667,AATTTTCAATTTATA,BAS_RS22005
NC_005945.1,4333924,4333938,+,0.9866666666666667,AATTCTCAGTATTTT,BAS_RS22445
NC_005945.1,4341777,4341791,-,0.9866666666666667,AAGATTCAAGAAATA,BAS_RS22485
NC_005945.1,4362415,4362429,-,0.9866666666666667,AATTAGCAAAATAAT,BAS_RS22570
NC_005945.1,4365114,4365128,-,0.9866666666666667,AATTCTAAAATATGA,asnS
NC_005945.1,4479259,4479273,+,0.9866666666666667,AATTTTCATACTTAT,BAS_RS23215
NC_005945.1,4506783,4506806,-,0.9866666666666667,AATATTCAACAATAT,BAS_RS23350
NC_005945.1,4527593,4527607,+,0.9866666666666667,AATATTACAAATTCT,gerHC
NC_005945.1,4569675,4569689,-,0.9866666666666667,AGTTTTCTTATATTT,BAS_RS23710
NC_005945.1,4593740,4593773,+,0.9866666666666667,ATTTTTCATAAAATA,BAS_RS23850
NC_005945.1,4669498,4669514,-,0.9866666666666667,AATTCTGATGTTTTT,BAS_RS27455
NC_005945.1,4686625,4686639,-,0.9866666666666667,AATATTGATAATTCT,BAS_RS24405
NC_005945.1,4705066,4705081,+,0.9866666666666667,TATTTTACAAAATTT,BAS_RS24495
NC_005945.1,4774079,4774093,+,0.9866666666666667,AAGTTTCTCATATTT,BAS_RS24895
NC_005945.1,4841739,4841769,-,0.9866666666666667,AATTTACAAAAATTC,BAS_RS25230
NC_005945.1,4958219,4958233,+,0.9866666666666667,AATTTACACATAATC,BAS_RS25830
NC_005945.1,4987303,4987317,-,0.9866666666666667,AATTTTCATCATTTA,BAS_RS25955
NC_005945.1,5002410,5002424,+,0.9866666666666667,AATTTTCATAATTAA,BAS_RS26020
NC_005945.1,5083239,5083253,+,0.9866666666666667,AATTTTCTTAATTTC,plcR
NC_005945.1,5098517,5098531,-,0.9866666666666667,AATATTCTCAAATAC,BAS_RS26460
NC_005945.1,5124617,5124631,+,0.9866666666666667,TATTTTCATAAAATT,pta
NC_005945.1,5158187,5158202,-,0.9866666666666667,AATTTGAAAATTTTC,BAS_RS26770
NC_005945.1,5189867,5189881,-,0.9866666666666667,AATATTTCAATACTT,BAS_RS26900
NC_005945.1,5196007,5196035,+,0.9866666666666667,AATTTTCAAATATAA,guaC
NC_005945.1,5228593,5228607,+,0.9866666666666667,AATTTTCATCAAATA,rpmH
NC_005945.1,102876,102890,-,0.9833333333333333,AATTTTTCTAACTTT,BAS_RS00520
NC_005945.1,218988,219002,+,0.9833333333333333,AATTCTCAAAATTTT,BAS_RS01215
NC_005945.1,449569,449583,-,0.9833333333333333,AATTCTAAAAAAACT,BAS_RS02310
NC_005945.1,642364,642378,+,0.9833333333333333,CATATTTCAAAATTT,BAS_RS03330
NC_005945.1,676301,676329,-,0.9833333333333333,AATCATACGAAAATT,BAS_RS03485
NC_005945.1,723254,723268,-,0.9833333333333333,AATATACAAAATATT,cds-BAS_RS27945
NC_005945.1,817077,817105,-,0.9833333333333333,AATTTTCTGAATTGT,BAS_RS04265
NC_005945.1,845241,845255,-,0.9833333333333333,AATTGCAAAAAAATT,BAS_RS04440
NC_005945.1,943183,943197,-,0.9833333333333333,AATATTGAAACAAAC,BAS_RS04855
NC_005945.1,956666,956680,-,0.9833333333333333,AATTATCAATCTATT,BAS_RS04935
NC_005945.1,970712,970741,-,0.9833333333333333,AATTTTAGTCAAATA,BAS_RS05015
NC_005945.1,1058605,1058620,-,0.9833333333333333,AATATTCAATCAATT,BAS_RS05475
NC_005945.1,1069181,1069216,-,0.9833333333333333,AATTTTCATTTTGTT,yhfH
NC_005945.1,1092208,1092230,-,0.9833333333333333,CATTTTCAAATATAT,BAS_RS05635
NC_005945.1,1127889,1127903,+,0.9833333333333333,AATTTTCATATAAAA,asnB
NC_005945.1,1236151,1236165,-,0.9833333333333333,AAATTTACAATTATT,BAS_RS06395
NC_005945.1,1237588,1237602,+,0.9833333333333333,AATTTTTATATCATT,BAS_RS06410
NC_005945.1,1238607,1238656,-,0.9833333333333333,AAATTTCAGTAAATT,BAS_RS06410
NC_005945.1,1345164,1345192,-,0.9833333333333333,AATTTTCAGAACTTT,leuB
NC_005945.1,1378140,1378162,-,0.9833333333333333,AATTTTCATATCAAA,BAS_RS07160
NC_005945.1,1400144,1400175,-,0.9833333333333333,AGAAGTCAAATAATT,BAS_RS07285
NC_005945.1,1433000,1433014,-,0.9833333333333333,ATTTTTCATATATTT,BAS_RS07445
NC_005945.1,1514594,1514609,-,0.9833333333333333,ATTTTTCTACAAATA,BAS_RS07905
NC_005945.1,1516677,1516691,-,0.9833333333333333,AGTTTTACATAAAAT,BAS_RS07920
NC_005945.1,1634381,1634411,-,0.9833333333333333,ATTTTTCACAAATTA,cds-BAS_RS08500
NC_005945.1,1726041,1726057,-,0.9833333333333333,AGTTTTTCAAATAAT,BAS_RS27960
NC_005945.1,1757616,1757630,+,0.9833333333333333,AATAATCCATTTATT,BAS_RS09105
NC_005945.1,1863693,1863707,-,0.9833333333333333,AATTTGCTTAAATAT,BAS_RS09590
NC_005945.1,1882454,1882468,+,0.9833333333333333,AAATTTCATATCATT,BAS_RS09690
NC_005945.1,1938619,1938633,+,0.9833333333333333,AATATTCAAAGAAAG,BAS_RS10015
NC_005945.1,1950824,1950838,+,0.9833333333333333,AAATATGAAAAAGTA,BAS_RS10085
NC_005945.1,1995943,1995968,+,0.9833333333333333,AATTTTCAATTAAGT,narK
NC_005945.1,2027020,2027048,-,0.9833333333333333,ACTTTTCTTAAAATT,BAS_RS10525
NC_005945.1,2047378,2047392,-,0.9833333333333333,AATTGTTCTATTCTT,BAS_RS10585
NC_005945.1,2074159,2074176,-,0.9833333333333333,AAAATTCAAATTATT,BAS_RS10705
NC_005945.1,2102329,2102343,-,0.9833333333333333,CATTTTAAAATCATT,cds-BAS_RS27965
NC_005945.1,2102573,2102598,+,0.9833333333333333,TATATTGAAAAAGTT,cds-BAS_RS27965
NC_005945.1,2175810,2175824,-,0.9833333333333333,AATTATACAATTATT,BAS_RS11275
NC_005945.1,2182280,2182294,-,0.9833333333333333,AATTTTTCAACAATA,mmgD
NC_005945.1,2201800,2201814,-,0.9833333333333333,ATTTTTCAGATAAAA,dhbA
NC_005945.1,2263069,2263083,-,0.9833333333333333,AATTTTCAAATAACA,cds-BAS_RS11675
NC_005945.1,2437826,2437841,-,0.9833333333333333,AATTTTCAAATAACA,BAS_RS27850
NC_005945.1,2473914,2473928,-,0.9833333333333333,AATTTTTCTATATAT,BAS_RS12700
NC_005945.1,2517974,2517988,+,0.9833333333333333,AATTTTAATCAAGTT,BAS_RS12940
NC_005945.1,2523114,2523128,-,0.9833333333333333,AATTCTTTAAAAATA,BAS_RS12975
NC_005945.1,2645566,2645580,+,0.9833333333333333,AATTTTCATTTTGTT,BAS_RS13620
NC_005945.1,2659688,2659704,-,0.9833333333333333,AAATTTCTAAAGATA,cds-BAS_RS13710
NC_005945.1,2693358,2693372,+,0.9833333333333333,AATTATCTACAACTT,BAS_RS13930
NC_005945.1,2737262,2737276,-,0.9833333333333333,AATATGAAAAAAGTA,entB
NC_005945.1,2803431,2803445,+,0.9833333333333333,AATTTCAAGAAGATA,BAS_RS14465
NC_005945.1,2843337,2843351,+,0.9833333333333333,AATTTTCAGTTTTTT,BAS_RS14695
NC_005945.1,2849222,2849250,-,0.9833333333333333,AATATACAGAACATT,pxpA
NC_005945.1,2871990,2872004,-,0.9833333333333333,AGTTTTAATCAAATA,BAS_RS14840
NC_005945.1,3030441,3030455,-,0.9833333333333333,AATGTAGAAAAAATA,BAS_RS15590
NC_005945.1,3030617,3030631,+,0.9833333333333333,AATTATTCTAAATTA,BAS_RS15590
NC_005945.1,3053615,3053630,+,0.9833333333333333,AATTTTTCTAAAATA,BAS_RS15680
NC_005945.1,3114631,3114645,+,0.9833333333333333,CATTTTCATATAAAT,BAS_RS15995
NC_005945.1,3152582,3152596,+,0.9833333333333333,AATAATGTAATCATT,gntP
NC_005945.1,3169293,3169310,+,0.9833333333333333,AATATTCTTCAAAAT,BAS_RS16265
NC_005945.1,3174802,3174816,-,0.9833333333333333,AATTTCAAAAAAATG,BAS_RS16290
NC_005945.1,3223520,3223534,-,0.9833333333333333,AATATAGAAAAAACA,BAS_RS16570
NC_005945.1,3225040,3225054,-,0.9833333333333333,AATTGTCATAATTAT,BAS_RS16580
NC_005945.1,3394927,3394952,-,0.9833333333333333,ATTACTCATAAAATT,BAS_RS17410
NC_005945.1,3551434,3551448,-,0.9833333333333333,AAATTTACAATTATT,BAS_RS18260
NC_005945.1,3561323,3561337,-,0.9833333333333333,AATGTTTCAAAAAAT,BAS_RS18320
NC_005945.1,3562631,3562645,-,0.9833333333333333,AATTTTATGAAGTTA,BAS_RS18330
NC_005945.1,3732881,3732895,-,0.9833333333333333,AATTTTATTAAAACA,mraY
NC_005945.1,3894824,3894838,-,0.9833333333333333,AATACTCATAATTTC,mtnX
NC_005945.1,4038065,4038085,+,0.9833333333333333,AAATTTCATAAAGAA,splB
NC_005945.1,4080633,4080647,+,0.9833333333333333,AATTTTCTAAAAACT,BAS_RS21140
NC_005945.1,4148740,4148754,+,0.9833333333333333,AGTTTTCATAAAAAT,BAS_RS21500
NC_005945.1,4390767,4390791,+,0.9833333333333333,CATTTTCATTAATTT,coaE
NC_005945.1,4436834,4436848,+,0.9833333333333333,CATTTTCAAATTTTT,cds-BAS_RS22970
NC_005945.1,4496019,4496033,+,0.9833333333333333,AATACTCATTAATTC,trmB
NC_005945.1,4577259,4577274,+,0.9833333333333333,AAATATGAAAAACTC,BAS_RS23765
NC_005945.1,4794534,4794548,+,0.9833333333333333,AATTTTCTGTTTTTC,BAS_RS25005
NC_005945.1,4807085,4807101,+,0.9833333333333333,AATATTCAAAAATCA,BAS_RS25065
NC_005945.1,4902719,4902733,+,0.9833333333333333,CATTATCAAATAATT,BAS_RS25585
NC_005945.1,4996267,4996281,-,0.9833333333333333,AGTTTTGATTAAATA,fabZ
NC_005945.1,5154851,5154865,-,0.9833333333333333,ATTTTTGATAAAGTA,BAS_RS26760
NC_005945.1,4584,4598,-,0.98,AATTTTCTTGCATTT,gyrB
NC_005945.1,104111,104125,-,0.98,AATTAACCAAGAATT,secE
NC_005945.1,141429,141443,-,0.98,ACTTTTGAAATAAAT,cwlD
NC_005945.1,262566,262580,+,0.98,AATTGACAAAAATAC,guaA
NC_005945.1,363257,363285,+,0.98,AAATTTGCTAATTAT,BAS_RS01910
NC_005945.1,369695,369709,+,0.98,ATTTTTCAGAAAAGT,cds-BAS_RS27935
NC_005945.1,382644,382658,-,0.98,AACTTTGAAAATAAT,cds-BAS_RS28050
